Crime ID,Month,Reported by,Falls within,Longitude,Latitude,Location,LSOA code,LSOA name,Outcome type
e6a7eaa59e26f345f8ddc3c3e89aac9c40c95faf3980d0091da6583c093e8648,2016-07,City of London Police,City of London Police,-0.081832,51.514507,On or near UNDERSHAFT,E01032739,City of London 001F,Offender given a caution
d1b538966128ba992e6320cb27e06c40806ea97d5b3c77c440c84d012788005d,2016-07,City of London Police,City of London Police,-0.101055,51.513552,On or near CREED LANE,E01032739,City of London 001F,Investigation complete; no suspect identified
d7def068cb271248d11422c91f2dd61278d0bff802944e70702d375d61be21b3,2016-07,City of London Police,City of London Police,-0.078924,51.508587,On or near PETTY WALES,E01032739,City of London 001F,Suspect charged
4576e5b394652cd491f9c644920698919e7a38c6b38e6f4c4c7a182ed2df2bbf,2016-07,City of London Police,City of London Police,-0.097645,51.515142,On or near ST MARTIN'S LE GRAND,E01032739,City of London 001F,Unable to prosecute suspect
88c660016bd46bf1217abbc17c2a07c7b28563f8e37557fda3a477d140457882,2016-07,City of London Police,City of London Police,-0.097645,51.515142,On or near ST MARTIN'S LE GRAND,E01032739,City of London 001F,Unable to prosecute suspect
7286057fd53afcbd103a2f2ca5d91d7ddb2b8c8b2b4f2e3c71d6b34f8ff09d4f,2016-07,City of London Police,City of London Police,-0.083755,51.514358,On or near THREADNEEDLE STREET,E01032739,City of London 001F,Suspect charged
efbb0733bab5025468d13005b657b10ee44ca56f30dfbc24b992ab66598a06da,2016-07,City of London Police,City of London Police,-0.085355,51.510563,On or near PUDDING LANE,E01032739,City of London 001F,Suspect charged
3c67f5b9160d01b23512becce34e9570901d8bf95b1116989a8f9dfc1862b98f,2016-07,City of London Police,City of London Police,-0.079786,51.517576,On or near Police Station,E01032739,City of London 001F,Suspect charged
95909e2788de49835908dbbb7777a684ceaada0f573b152759c051f21ee83aff,2016-07,City of London Police,City of London Police,-0.074958,51.514151,On or near ALDGATE HIGH STREET,E01000005,City of London 001E,Unable to prosecute suspect
68e140b64eebfeb9755465b03f80648fe8a743a8f7d0f90d1e4853b96445f598,2016-07,City of London Police,City of London Police,-0.100884,51.516966,On or near Hospital,E01032740,City of London 001G,Investigation complete; no suspect identified
554420c6e1cff2697b6321c22ec8e5889b26bbf69e2cd3ffb171a7b194bebf30,2016-07,City of London Police,City of London Police,-0.077029,51.510148,On or near TRINITY SQUARE,E01004293,Tower Hamlets 027B,Unable to prosecute suspect
8700c78abe35677d4fe60357e26f064b936155adfbf908f323014b6f02d208b5,2016-07,City of London Police,City of London Police,-0.084723,51.514986,On or near Conference/Exhibition Centre,E01032739,City of London 001F,Investigation complete; no suspect identified
41d9683d91e5e1338d60d9e50b22c06e72eb799943380018686af3b10ad6fa2e,2016-07,City of London Police,City of London Police,-0.084105,51.515281,On or near Conference/Exhibition Centre,E01032739,City of London 001F,Unable to prosecute suspect
2edcbfb77cce3edd77ced3b7193eea40b3c0e3af2bd6802d90d976b07b019ab4,2016-07,City of London Police,City of London Police,-0.080318,51.520678,On or near PRIMROSE STREET,E01032739,City of London 001F,Investigation complete; no suspect identified
37e09342df3870e3d2d9568dd4056a97718d075da149a680d1bb7684ae848065,2016-07,City of London Police,City of London Police,-0.078856,51.518433,On or near ARTILLERY LANE,E01032739,City of London 001F,Investigation complete; no suspect identified
7bcf87a8c645ce45c1c11c7a87f2e2d63fa8454e950cde5e1a550f245e8a731c,2016-07,City of London Police,City of London Police,-0.084095,51.516900,On or near NEW BROAD STREET,E01032739,City of London 001F,Suspect charged
900a4563705e7005b25c267a72be2273c5dc0713187482b846bf0cb323d9d1ae,2016-07,City of London Police,City of London Police,-0.084095,51.516900,On or near NEW BROAD STREET,E01032739,City of London 001F,Suspect charged
b2ec5b2cdf2f34b8915651cc364c3144b458fab262d782463eb6d8b846e275dc,2016-07,City of London Police,City of London Police,-0.098062,51.517577,On or near MONTAGUE STREET,E01000001,City of London 001A,Unable to prosecute suspect
02dd78a38803ae06c9368dce8be5cabb82ef8dec5205a78c9edbe2b0e23b0f7e,2016-07,City of London Police,City of London Police,-0.088614,51.516371,On or near MOORGATE PLACE,E01032739,City of London 001F,Investigation complete; no suspect identified
116b5c1f40f0ce04f267b78102c4e5acb4bcd9ddd0a022f6424fd34cbd0a5fdd,2016-07,City of London Police,City of London Police,-0.109155,51.516668,On or near FETTER LANE,E01032740,City of London 001G,Investigation complete; no suspect identified
8335c8e12b0300278b0dde6db041ab9db67ef7409d13cdc084beaae4383b27b0,2016-07,City of London Police,City of London Police,-0.092719,51.512652,On or near QUEEN VICTORIA STREET,E01032739,City of London 001F,Investigation complete; no suspect identified
7346b7df9b613ba28f12bf2055632c2a32743d3b6e13f7fcaf56338181469dd4,2016-07,City of London Police,City of London Police,-0.104281,51.516032,On or near BEAR ALLEY,E01032740,City of London 001G,Investigation complete; no suspect identified
40c7ced2727da204d7626e0904c38cb1eed2eedf5118969981ed9aa49451e2f9,2016-07,City of London Police,City of London Police,-0.104494,51.509848,On or near A201,E01032739,City of London 001F,Offender given a drugs possession warning
11355de53c938189dd213b597e4236379523c2137b411df4bbb458baf0e4b7eb,2016-07,City of London Police,City of London Police,-0.077655,51.514088,On or near Pedestrian Subway,E01032739,City of London 001F,Investigation complete; no suspect identified
9d16122ea5268a0a89feb835ca15c812063ea436cddf8e1cc65b6cf15a79dc35,2016-07,City of London Police,City of London Police,-0.102948,51.512719,On or near PLAYHOUSE YARD,E01032739,City of London 001F,Investigation complete; no suspect identified
8b8e54eb628491315329118f5b566277b47d1c0b0ef0f168f3bfd1bafdd5964d,2016-07,City of London Police,City of London Police,-0.077224,51.516122,On or near Shopping Area,E01000005,City of London 001E,Unable to prosecute suspect
7c07e5e205d9d511c9da7492ac3438abd31a8cdc005828f4d14ce077a6ddc313,2016-07,City of London Police,City of London Police,-0.089582,51.511495,On or near CANNON STREET,E01032739,City of London 001F,Investigation complete; no suspect identified
72f38fe7f47054a40373cffbdf90537b3450d62c3cd2bab52a3db8a936bb07f5,2016-07,City of London Police,City of London Police,-0.095892,51.516391,On or near NOBLE STREET,E01000001,City of London 001A,Investigation complete; no suspect identified
7eeb5c14d4393cadb82691581a310391282e2de2895eae1d632cdbd2ef5d0781,2016-07,City of London Police,City of London Police,-0.080376,51.517244,On or near Supermarket,E01032739,City of London 001F,Local resolution
6fdef76a0a2bec5848f5c9226d33c3a0189d6873645e0ea8d93815e6aa585479,2016-07,City of London Police,City of London Police,-0.085173,51.518680,On or near FINSBURY AVENUE,E01032739,City of London 001F,Investigation complete; no suspect identified
d4a57704b125dc6cb4933abdca6b277ec8fb091d98a4b0a1c656c8064ab3e1cf,2016-07,City of London Police,City of London Police,-0.100593,51.520846,On or near CHARTERHOUSE MEWS,E01033490,Islington 022H,Investigation complete; no suspect identified
2d9a1505482cffd218e4f1312d9bcd02b6287145bef074f951c494cc49fe1734,2016-07,City of London Police,City of London Police,-0.095960,51.517534,On or near LONDON WALL,E01000001,City of London 001A,Investigation complete; no suspect identified
3987936db05076f2ef7c635c37c89ec95b49e07a1f5f79f5a4f39819f9374f69,2016-07,City of London Police,City of London Police,,,No location,,,Suspect charged
16decac3dfecd57f87205974b5092be562987a6be5bda474eb3a414a61d6c16d,2016-07,City of London Police,City of London Police,-0.082571,51.514753,On or near GREAT ST HELEN'S,E01032739,City of London 001F,Offender given a drugs possession warning
7af47cd3b43ea9e188c3516ba0ade28159804c6bdebd738788bd9dce68c8350e,2016-07,City of London Police,City of London Police,,,No location,,,Offender given a drugs possession warning
9327b31f40e13f82f2658b55876aac90d03b6a43a054cfa8039546a06c42cc01,2016-07,City of London Police,City of London Police,,,No location,,,Investigation complete; no suspect identified
fdc402cb50ba29172440cb2d7da958527870f540dff467ac4eadd31a4d9a8850,2016-07,City of London Police,City of London Police,,,No location,,,Investigation complete; no suspect identified
80a302f37b9cb7711d7ee22e69f867e4d42e544098e04c9dd5a6e64ea0d13d40,2016-07,City of London Police,City of London Police,,,No location,,,Investigation complete; no suspect identified
3336602953ad6fdf9278030f873f9ce5ad09f8ff2b775d12b37908b7eeca45c0,2016-07,City of London Police,City of London Police,,,No location,,,Investigation complete; no suspect identified
df948f6a1aa30e38f4bc796b61377adbe8434b8cd59373bcfab1d5103d0360f6,2016-07,City of London Police,City of London Police,,,No location,,,Investigation complete; no suspect identified
5233cb9fc1777c6e7976401857f0c0a4aa1beb03963aa5f59f182438ec48c62b,2016-07,City of London Police,City of London Police,-0.093629,51.515005,On or near MILK STREET,E01000002,City of London 001B,Investigation complete; no suspect identified
ad2da05c56a6138c32105777c2aa8f73da9fd1a91a1d533b18302c55fd611485,2016-07,City of London Police,City of London Police,-0.090985,51.516886,On or near BASINGHALL AVENUE,E01032739,City of London 001F,Investigation complete; no suspect identified
a12165e9bb03c9868ef9e444b6a8aaabd8f631538196e4f86e3b6b022edc0fe0,2016-07,City of London Police,City of London Police,-0.077224,51.516122,On or near Shopping Area,E01000005,City of London 001E,Unable to prosecute suspect
a9165090820f4cf8cee5c1465871febbad148a100cac32c4644d8ff64594abd3,2016-07,City of London Police,City of London Police,-0.077451,51.515523,On or near WHITE KENNETT STREET,E01000005,City of London 001E,Unable to prosecute suspect
9930f2cf5e35112f03cea51de6b2d686eefbf870ca1dd54736e05921c05305b1,2016-07,City of London Police,City of London Police,-0.083618,51.517288,On or near BROAD STREET AVENUE,E01032739,City of London 001F,Investigation complete; no suspect identified
97398d6b66d7fdcc4e0f668d2ac056daeca73b6e863380a3d46f5694c96459ef,2016-07,City of London Police,City of London Police,-0.082913,51.513463,On or near LEADENHALL STREET,E01032739,City of London 001F,Unable to prosecute suspect
606dfe5ec4c7813cc15c4a91088531ba177d28166d4df084bec214e9b0dbacc3,2016-07,City of London Police,City of London Police,-0.079613,51.517231,On or near NEW STREET,E01032739,City of London 001F,Investigation complete; no suspect identified
2aa092c84898b819e3db15935114d48fd87539d6fb1427ae4a7699786984ef78,2016-07,City of London Police,City of London Police,-0.079786,51.517576,On or near Police Station,E01032739,City of London 001F,Investigation complete; no suspect identified
9e768bb169a90d40ad944728806238218615715e59d55ab24daa5953a1f51254,2016-07,City of London Police,City of London Police,-0.079786,51.517576,On or near Police Station,E01032739,City of London 001F,Investigation complete; no suspect identified
8b5b67f73b48ef6c1f789c92a73ff5eea43057f11519f15faaafd16702537095,2016-07,City of London Police,City of London Police,-0.094720,51.514420,On or near WOOD STREET,E01032739,City of London 001F,Unable to prosecute suspect
f3386849da74f74ee4231b940d0e00cba07682b5fd4bbfcf88f4c5d4f9dcddd7,2016-07,City of London Police,City of London Police,-0.077578,51.510795,On or near PEPYS STREET,E01032739,City of London 001F,Investigation complete; no suspect identified
731c8a5e8a3652f668df34bea6a78004074e329d9196f5e88b9efaa0bdf5d25f,2016-07,City of London Police,City of London Police,-0.080318,51.520678,On or near PRIMROSE STREET,E01032739,City of London 001F,Unable to prosecute suspect
5063a899df042de67a14b85e0ae8141fa22de9e7782fae12c5a4e463c3fffce2,2016-07,City of London Police,City of London Police,-0.083296,51.517058,On or near OLD BROAD STREET,E01032739,City of London 001F,Investigation complete; no suspect identified
cec907f1cf0dd00fe4e820ae96f3d8d1aeb4318db6236b0a6404f49e6008166d,2016-07,City of London Police,City of London Police,-0.084723,51.514986,On or near Conference/Exhibition Centre,E01032739,City of London 001F,Investigation complete; no suspect identified
ef2b15af65bc1cec158f3044ef95090594dfeb91099c78d8b3829ae2a4d1bcfe,2016-07,City of London Police,City of London Police,-0.091732,51.521080,On or near Nightclub,E01002704,Islington 023D,Investigation complete; no suspect identified
eff3882f7949c276933bebdbe9178a5e6b1b98afbbbe3f9b8809ddbb448f924b,2016-07,City of London Police,City of London Police,-0.078856,51.518433,On or near ARTILLERY LANE,E01032739,City of London 001F,Investigation complete; no suspect identified
4346a4ee28aeebbd14efaf6e077542a435ed4808e12fac9f3185ab130438aa0b,2016-07,City of London Police,City of London Police,-0.098777,51.512526,On or near KNIGHTRIDER STREET,E01032739,City of London 001F,Investigation complete; no suspect identified
2c7129f5d60b2de00d7c0f4461a51480f71eac3a6e214c1d9933043463e34f94,2016-07,City of London Police,City of London Police,-0.104621,51.512692,On or near Supermarket,E01032740,City of London 001G,Investigation complete; no suspect identified
58371abbe366e93d20119705fb7c8c8ee26ee8fe765923bdd541ff3be481c7f6,2016-07,City of London Police,City of London Police,-0.090348,51.519358,On or near MOOR LANE,E01000002,City of London 001B,Investigation complete; no suspect identified
8888d3b89d9d9305870bce4ce31fdf85cf47f04330299e8efb78b6c1e004311a,2016-07,City of London Police,City of London Police,-0.093341,51.511889,On or near GREAT ST THOMAS APOSTLE,E01032739,City of London 001F,Investigation complete; no suspect identified
13792b56c01f7d0f86156a4218465bbefcfee107901b4d9934554b6df9526f5d,2016-07,City of London Police,City of London Police,-0.086278,51.509876,On or near FISH STREET HILL,E01032739,City of London 001F,Unable to prosecute suspect
8ba86f3b7b664ff34ad6e1fde358d0f882ab7d2b6ea73b3824e3a36419612d82,2016-07,City of London Police,City of London Police,-0.082965,51.516351,On or near WORMWOOD STREET,E01032739,City of London 001F,Investigation complete; no suspect identified
ea1adce93c1d864dfa89416b91516e8729398246d0d05e3d8c8c87426aba8e83,2016-07,City of London Police,City of London Police,-0.078924,51.508587,On or near PETTY WALES,E01032739,City of London 001F,Investigation complete; no suspect identified
818e741bd5e89b3d036b0fdc43c5edc7d1d5b5c2020719ddf70927b38ee1ad19,2016-07,City of London Police,City of London Police,-0.098886,51.519254,On or near KINGHORN STREET,E01032740,City of London 001G,Unable to prosecute suspect
f8ad9ebf92e34df2cd5167fe1cea4d9b2926cbb68b700390510cc33bf0e2de4f,2016-07,City of London Police,City of London Police,-0.098886,51.519254,On or near KINGHORN STREET,E01032740,City of London 001G,Unable to prosecute suspect
19b476ce25606c942c622be96c77e03c4f4e504f651855b8a300946663634566,2016-07,City of London Police,City of London Police,-0.109709,51.517909,On or near HIGH HOLBORN,E01032740,City of London 001G,Investigation complete; no suspect identified
897c08b2a07b8732bcf9a4feba95534bb2954a4ae10bbd08369b1ab5e382fecc,2016-07,City of London Police,City of London Police,-0.085173,51.518680,On or near FINSBURY AVENUE,E01032739,City of London 001F,Investigation complete; no suspect identified
3bc0f61a95dab104342fb0baa2cd066efe484c057da30fe0e57918f6cdbcd0e6,2016-07,City of London Police,City of London Police,-0.090985,51.516886,On or near BASINGHALL AVENUE,E01032739,City of London 001F,Investigation complete; no suspect identified
39102d306e062fa88964464433c3ee14eaf6ba01094a083e7e5756a47a63ec01,2016-07,City of London Police,City of London Police,-0.079786,51.517576,On or near Police Station,E01032739,City of London 001F,Unable to prosecute suspect
40064c53e31e0cec419928f21e20687118b8f15f0f52432119b67bbc91733b16,2016-07,City of London Police,City of London Police,-0.094464,51.512959,On or near WATLING COURT,E01032739,City of London 001F,Investigation complete; no suspect identified
5a4b76d3ec4cf117d539fe71ee8220abda8e01d267d2b29cf79cad15c0895be4,2016-07,City of London Police,City of London Police,-0.085149,51.517196,On or near BLOMFIELD STREET,E01032739,City of London 001F,Investigation complete; no suspect identified
6a2c271efc70c51f626d5b0b88b6a1f426c954de2a68af153c6da0acddb65dff,2016-07,City of London Police,City of London Police,-0.096814,51.512952,On or near ST PAUL'S CHURCH YARD,E01032739,City of London 001F,Investigation complete; no suspect identified
a2168f6407c6b35f2779f0fd55f0444b7c5e3b9b20706e85c0a289630f201f44,2016-07,City of London Police,City of London Police,-0.095892,51.516391,On or near NOBLE STREET,E01000001,City of London 001A,Unable to prosecute suspect
21609b70ee5a00b2b8ee5de284893dea3ad12a351b8354b7d8aa748f4cb75193,2016-07,City of London Police,City of London Police,-0.094758,51.512829,On or near Nightclub,E01032739,City of London 001F,Investigation complete; no suspect identified
62df883fa5e9766f9a361ea474222ac8bb5eba585d82a9756828653257938237,2016-07,City of London Police,City of London Police,-0.083417,51.513148,On or near WHITTINGTON AVENUE,E01032739,City of London 001F,Investigation complete; no suspect identified
499c33bf58b2267e982deee4ce2e130930ea9faabbe6374600d2e26b9093f650,2016-07,City of London Police,City of London Police,-0.089582,51.511495,On or near CANNON STREET,E01032739,City of London 001F,Investigation complete; no suspect identified
1043890984535244a0794cde70a0fec2b52a64cc175819ba1d3e4dc7de8ce286,2016-07,City of London Police,City of London Police,-0.105134,51.513869,On or near BRIDE LANE,E01032740,City of London 001G,Unable to prosecute suspect
9990abc85273f48da8b75b4b9980c7db54362db13364138fcdf0b41187e8eef4,2016-07,City of London Police,City of London Police,,,No location,,,Investigation complete; no suspect identified
ea13e2f74c62fa067c677fc204b196517841ad4472d8d5488a6fe65c8131d0b6,2016-07,City of London Police,City of London Police,-0.102502,51.516165,On or near GREEN ARBOUR COURT,E01032740,City of London 001G,Unable to prosecute suspect
0a5d321dd76a76461011b70a059149eb5fdc32de084168feab64a234874013ee,2016-07,City of London Police,City of London Police,-0.079674,51.514409,On or near BURY STREET,E01032739,City of London 001F,Investigation complete; no suspect identified
70138a33635953cd9af358b0b3b9adaa8225a8053f776b6afe59ff8d3f647e51,2016-07,City of London Police,City of London Police,-0.101073,51.513453,On or near CREED LANE,E01032739,City of London 001F,Investigation complete; no suspect identified
397367322b65e126d4bbc4ad9c732b6accf2db7ed0d5867729249cf2cd990ab4,2016-07,City of London Police,City of London Police,-0.101073,51.513453,On or near CREED LANE,E01032739,City of London 001F,Investigation complete; no suspect identified
3d0b1077990fca4ff3b2bb3455d6e0baaca114c9a194eef6ae94a4273c81cc21,2016-07,City of London Police,City of London Police,-0.075508,51.514763,On or near Pedestrian Subway,E01000005,City of London 001E,Investigation complete; no suspect identified
372f57a5bb9b1fa1de08ddc5b794cb2c8f805938c2675cd7c920e865b2e9bb30,2016-07,City of London Police,City of London Police,-0.086051,51.513569,On or near FINCH LANE,E01032739,City of London 001F,Investigation complete; no suspect identified
a18ee982fef65c4b3e2f2aeabdefbc23045c75722fbcaf57837e7af3b6a46167,2016-07,City of London Police,City of London Police,-0.097562,51.518864,On or near Parking Area,E01000001,City of London 001A,Investigation complete; no suspect identified
08b8398cd9ecc0e11db9de8cb5c3d19b6c41d17de1ba15501a403ddb9cb6390e,2016-07,City of London Police,City of London Police,-0.078924,51.508587,On or near PETTY WALES,E01032739,City of London 001F,Investigation complete; no suspect identified
cd677092b118835c4c792da29167614152688fd241728ce033b55db3d44a40ca,2016-07,City of London Police,City of London Police,-0.092268,51.514461,On or near KING STREET,E01032739,City of London 001F,Investigation complete; no suspect identified
82d6c098da706811f985ea33c92aab32051cb00c81abe3656d59dcde2160f188,2016-07,City of London Police,City of London Police,-0.089838,51.516067,On or near COLEMAN STREET,E01032739,City of London 001F,Investigation complete; no suspect identified
881ab7108b9c059f74b0df62cb995cda329d6a303176258abd32aa69fe10271a,2016-07,City of London Police,City of London Police,-0.102948,51.512719,On or near PLAYHOUSE YARD,E01032739,City of London 001F,Investigation complete; no suspect identified
ccdc5be321d6f9d68562b979c3bc4a885eb2753cf807eed1c3686ea648563bd5,2016-07,City of London Police,City of London Police,-0.089582,51.511495,On or near CANNON STREET,E01032739,City of London 001F,Investigation complete; no suspect identified
a7fc9fe71553a9250db5ce6701e39428026f8d39212efc0b76300b6d585cd87c,2016-07,City of London Police,City of London Police,-0.087525,51.510364,On or near ARTHUR STREET,E01032739,City of London 001F,Investigation complete; no suspect identified
e959508d8c5ba0ffeebf51188a710790b90d62038a6a27946611df527c9376df,2016-07,City of London Police,City of London Police,-0.105134,51.513869,On or near BRIDE LANE,E01032740,City of London 001G,Unable to prosecute suspect
0bde6e270a2d1ab306ce099adfa88efb7e820f5c5c31b3ec037d3b3b2e96db56,2016-07,City of London Police,City of London Police,-0.095377,51.520789,On or near BRIDGEWATER STREET,E01000003,City of London 001C,Investigation complete; no suspect identified
58399ffd7796d2ed938578b0424ccdf520e65879b5482f483eee14b0b10b54b7,2016-07,City of London Police,City of London Police,-0.087670,51.516877,On or near COPTHALL AVENUE,E01032739,City of London 001F,Investigation complete; no suspect identified
b68568a1951cacd2e2575c9d97c7475bd0fe0e411878a33a4e6038d902ff4ee1,2016-07,City of London Police,City of London Police,-0.104281,51.516032,On or near BEAR ALLEY,E01032740,City of London 001G,Investigation complete; no suspect identified
bcce17871abef1d9d173e81279492e63e8fea1f5e39d26bff1fc9b7f4de379e8,2016-07,City of London Police,City of London Police,-0.108283,51.517526,On or near Supermarket,E01032740,City of London 001G,Investigation complete; no suspect identified
42d08384fbb7be4297b025aa0eb075e7825457d5226c0adbcb083de90d9ae76a,2016-07,City of London Police,City of London Police,-0.085669,51.515100,On or near AUSTIN FRIARS,E01032739,City of London 001F,Investigation complete; no suspect identified
9a8dc95c816acd2c2ba249d80d7e34dcde18f4605f4c0491f384f59a9f270a26,2016-07,City of London Police,City of London Police,-0.086624,51.511923,On or near CLEMENT'S LANE,E01032739,City of London 001F,Unable to prosecute suspect
68abd58593f291a29147865223b68dd3254aefebf8df3ac6ca27df7bc314b6b3,2016-07,City of London Police,City of London Police,-0.085355,51.510563,On or near PUDDING LANE,E01032739,City of London 001F,Investigation complete; no suspect identified
4351af3f2cb17d01f5922dc8abf37a26254913537520d7868ae3301dbee0a82f,2016-07,City of London Police,City of London Police,-0.080376,51.517244,On or near Supermarket,E01032739,City of London 001F,Investigation complete; no suspect identified
b65171936fae349a3c61f6137b01f81bb9530e60fb4d8e5b65e8dab166236aab,2016-07,City of London Police,City of London Police,-0.084566,51.517690,On or near BLOMFIELD STREET,E01032739,City of London 001F,Investigation complete; no suspect identified
0c342b8dba32a1ff32980f364b1cad3770af84ce8628b71851e9ede078b45f3b,2016-07,City of London Police,City of London Police,-0.112519,51.517568,On or near SOUTHAMPTON BUILDINGS,E01032740,City of London 001G,Investigation complete; no suspect identified
b5c3aa1feac1648a51baca0e7004083ab18135ff103b2f3a75978ee1e059cc37,2016-07,City of London Police,City of London Police,-0.089435,51.511223,On or near BUSH LANE,E01032739,City of London 001F,Investigation complete; no suspect identified
a107580e00212f064bdd50610a805d477b02bd9926d47441142c3c5e239acadd,2016-07,City of London Police,City of London Police,-0.086051,51.513569,On or near FINCH LANE,E01032739,City of London 001F,Investigation complete; no suspect identified
61c1e3405ba750d48ef7dadcb29c2436402737746da7e0e8131e7def263f954d,2016-07,City of London Police,City of London Police,-0.111132,51.512420,On or near MIDDLE TEMPLE LANE,E01032740,City of London 001G,Unable to prosecute suspect
10a0a03fb22bf2051f13930a9a87ddcd9c531db9225ec224cd731f77917276f8,2016-07,City of London Police,City of London Police,-0.083296,51.517058,On or near OLD BROAD STREET,E01032739,City of London 001F,Investigation complete; no suspect identified
3c3e5495503235f228449c2abb6fd17c7b3a87ec1c30838e89f752e6bcdc3ff7,2016-07,City of London Police,City of London Police,-0.096511,51.511922,On or near QUEEN VICTORIA STREET,E01032739,City of London 001F,Investigation complete; no suspect identified
b651546e9a1b3d4c474af8997c97aa52356608b16f9b4261e587f850ac607793,2016-07,City of London Police,City of London Police,-0.105134,51.513869,On or near BRIDE LANE,E01032740,City of London 001G,Investigation complete; no suspect identified
f214d58d4425c9caac64fe1a6769cad51fc66ffc6a1ea349301e0c6f1cdd92a8,2016-07,City of London Police,City of London Police,-0.097562,51.518864,On or near Parking Area,E01000001,City of London 001A,Investigation complete; no suspect identified
c65625f2a09811c0a63afb20510fde85741ab31b71f33dc3a1de5066bf2c4a36,2016-07,City of London Police,City of London Police,-0.078856,51.518433,On or near ARTILLERY LANE,E01032739,City of London 001F,Investigation complete; no suspect identified
7c2089a0b3eb8238c99f3488b735e3fd225b7760defdceace97f0bec87d5b912,2016-07,City of London Police,City of London Police,-0.084251,51.520059,On or near SUN STREET,E01032739,City of London 001F,Investigation complete; no suspect identified
835ee2134fdcce01d0559a154ef1d5253ceaeb28d8c1d7d9926ebde175c6c38d,2016-07,City of London Police,City of London Police,-0.097277,51.515307,On or near ST MARTIN'S LE GRAND,E01000001,City of London 001A,Investigation complete; no suspect identified
83de6c0e4805683e0430cc0a1b3843b075eb084d055edac600483018283c4c26,2016-07,City of London Police,City of London Police,-0.108164,51.516571,On or near NEW FETTER LANE,E01032740,City of London 001G,Investigation complete; no suspect identified
1962c9bc576c3c75715523433fc12e3338e39ea502a884bbc7cca2b696423bab,2016-07,City of London Police,City of London Police,-0.097409,51.521145,On or near GOSWELL ROAD,E01000001,City of London 001A,Unable to prosecute suspect
2ca8e6c2c03c958e0ee7d645d7c127bbe3a60b1c55e3c8f87243129658beb776,2016-07,City of London Police,City of London Police,-0.086416,51.516191,On or near THROGMORTON AVENUE,E01032739,City of London 001F,Investigation complete; no suspect identified
3d05cce6f9d1499ef8a8d0d812accd2c6f5f5563ab95a32348ed9868054112d1,2016-07,City of London Police,City of London Police,-0.094758,51.512829,On or near Nightclub,E01032739,City of London 001F,Investigation complete; no suspect identified
7912e8278a4a1baeb2e40e21a93aa636b55f5d051b0eae95e4e4b4e6d8974480,2016-07,City of London Police,City of London Police,-0.080322,51.510651,On or near MARK LANE,E01032739,City of London 001F,Investigation complete; no suspect identified
b72cc8c0b5f7a0f615bc79b9791c659fd3fbf3781023b5adc7012dfeb2edfd09,2016-07,City of London Police,City of London Police,-0.092865,51.510182,On or near Parking Area,E01032739,City of London 001F,Investigation complete; no suspect identified
f2b8419123babd78e3011dadf35624412ae2c6d2f9ba219d110c340e81f98c0a,2016-07,City of London Police,City of London Police,-0.097645,51.515142,On or near ST MARTIN'S LE GRAND,E01032739,City of London 001F,Investigation complete; no suspect identified
9de6e93e6ed31c9d2b54fd7b7844a379dd76f7a3943b704333c096009c3b8965,2016-07,City of London Police,City of London Police,-0.077601,51.518799,On or near STEWARD STREET,E01004307,Tower Hamlets 015B,Investigation complete; no suspect identified
4aab1cd7e2dc8d7c5649f3c278ec0ab6ce55ccf762fdd0daa3756f1e177224b5,2016-07,City of London Police,City of London Police,-0.104281,51.516032,On or near BEAR ALLEY,E01032740,City of London 001G,Investigation complete; no suspect identified
87ced4997c9e3e992e1e9d79625a36d065f1afd2912b213539365a265813a011,2016-07,City of London Police,City of London Police,-0.095960,51.517534,On or near LONDON WALL,E01000001,City of London 001A,Investigation complete; no suspect identified
517fc72bef935ea938257ac29174cbee28d23871b9744daa5b40841437e91a50,2016-07,City of London Police,City of London Police,-0.084566,51.517690,On or near BLOMFIELD STREET,E01032739,City of London 001F,Investigation complete; no suspect identified
845541b1409d179f948bf460a856522fdf91f91053ffe4ca8a981f58b1721d0a,2016-07,City of London Police,City of London Police,-0.091108,51.511529,On or near CLOAK LANE,E01032739,City of London 001F,Unable to prosecute suspect
f1954c0308ae885730d828bd0968e506d935ba40c509a33d94391586c5440ae0,2016-07,City of London Police,City of London Police,-0.094758,51.512829,On or near Nightclub,E01032739,City of London 001F,Investigation complete; no suspect identified
a903b9ff38a5fec83898c93bf91c0e699d583395c9c69ca8d1668ce912cde2e3,2016-07,City of London Police,City of London Police,-0.100884,51.516966,On or near Hospital,E01032740,City of London 001G,Investigation complete; no suspect identified
aeb5db881b70c482e6c577338e35cc31a0e9ec3320c18463fe9ba19322858f38,2016-07,City of London Police,City of London Police,-0.083086,51.511407,On or near ROOD LANE,E01032739,City of London 001F,Investigation complete; no suspect identified
d30c30f612e7a8323b097e4a739d6d5bc4987b230f6e01e3cfc0098fddd48d35,2016-07,City of London Police,City of London Police,-0.088233,51.515484,On or near TOKENHOUSE YARD,E01032739,City of London 001F,Investigation complete; no suspect identified
06b4af8ba68f5f42f00b77598be29bf3254be7c2e4ab713c86ffce70689999a6,2016-07,City of London Police,City of London Police,-0.084967,51.512598,On or near BELL INN YARD,E01032739,City of London 001F,Investigation complete; no suspect identified
fc4f9c5f0f48645d7f960989867ba03b6e3e2b2807a4105d5ab49f5027a82f93,2016-07,City of London Police,City of London Police,-0.100974,51.514450,On or near AMEN CORNER,E01032739,City of London 001F,Investigation complete; no suspect identified
0e0c26af3d9ba6f9099d36443b6389f8f30dea016b868178bfd18afd8a8b8ebd,2016-07,City of London Police,City of London Police,-0.083120,51.510598,On or near GREAT TOWER STREET,E01032739,City of London 001F,Investigation complete; no suspect identified
0bc056c1613b577441149e9cea6dc9ca67285c735f03bfbd73ad24b88df2e443,2016-07,City of London Police,City of London Police,-0.085173,51.518680,On or near FINSBURY AVENUE,E01032739,City of London 001F,Unable to prosecute suspect
571792a5833112e8fe191fb268a0dd4403049277205d6ffa7c22e96d8855224c,2016-07,City of London Police,City of London Police,-0.100884,51.516966,On or near Hospital,E01032740,City of London 001G,Investigation complete; no suspect identified
0915f4551d2df75564884dd23d5d9a16899a9289446b4d0a7200bedac89629b8,2016-07,City of London Police,City of London Police,-0.085149,51.517196,On or near BLOMFIELD STREET,E01032739,City of London 001F,Investigation complete; no suspect identified
6595a760292f5f4e2fa310b412ceea9dd521b0d5b0a13a9097960b390014658e,2016-07,City of London Police,City of London Police,-0.080318,51.520678,On or near PRIMROSE STREET,E01032739,City of London 001F,Investigation complete; no suspect identified
e115bde8afa84c1676caabfd5b921ebdd2fcb6e5b1e47aa02df203e224b6bf7f,2016-07,City of London Police,City of London Police,-0.091823,51.514418,On or near IRONMONGER LANE,E01032739,City of London 001F,Investigation complete; no suspect identified
923e1f6a39eddaad4dd5086dee1e94dd401f0f475c19db597c74b8ddd9e84c56,2016-07,City of London Police,City of London Police,-0.079283,51.511021,On or near SEETHING LANE,E01032739,City of London 001F,Investigation complete; no suspect identified
f94a257998679d9d28ec73db1d9411b2a2603715d1f9324d274ef96e16a0f41d,2016-07,City of London Police,City of London Police,-0.101345,51.518709,On or near Parking Area,E01032740,City of London 001G,Investigation complete; no suspect identified
46fb4326d5cecd751a125ac3c581e560cd458d3bdd5c37fbdc6e933c0476e188,2016-07,City of London Police,City of London Police,-0.099818,51.519017,On or near CLOTH FAIR,E01032740,City of London 001G,Investigation complete; no suspect identified
ac3a4fd8c602e4f7dd69cf73a584ff333679fb0f75fb7176e911f441e2ce7f0e,2016-07,City of London Police,City of London Police,-0.074210,51.511711,On or near PORTSOKEN STREET,E01000005,City of London 001E,Unable to prosecute suspect
2df413914947c2d634cb2c4468aea0f59342a93d3dcbe8c9defbbb905f4677b1,2016-07,City of London Police,City of London Police,-0.083993,51.511440,On or near PHILPOT LANE,E01032739,City of London 001F,Investigation complete; no suspect identified
7115a066ae0c8c3ec2b2931e14e72455340b63ec4493142d512c722fc456e4b9,2016-07,City of London Police,City of London Police,-0.097601,51.520699,On or near CARTHUSIAN STREET,E01000001,City of London 001A,Investigation complete; no suspect identified
d4e2c5bee770a081dbc7d75c2a2a1f165945bcd6c9d9941e19c764ed0d0d90a3,2016-07,City of London Police,City of London Police,-0.100202,51.513268,On or near DEAN'S COURT,E01032739,City of London 001F,Investigation complete; no suspect identified
511ae7c200111c92f1821430854fe24dcc0784fb95cd1f75fe30143468596af7,2016-07,City of London Police,City of London Police,,,No location,,,Unable to prosecute suspect
a2d0ce9b6477b75d0fd063adf078f628c18d4c083c1609cd1fd1609540f8a753,2016-07,City of London Police,City of London Police,-0.084095,51.516900,On or near NEW BROAD STREET,E01032739,City of London 001F,Formal action is not in the public interest
2ad398a5d75efdc6854c737ffd67bb6e36c8b69d9236db657d8221e4845c5b3b,2016-07,City of London Police,City of London Police,-0.087118,51.513199,On or near Nightclub,E01032739,City of London 001F,Investigation complete; no suspect identified
5de3492e919661fb37e8f8058dfdfb920695fa83d05c1cec6fa94ae04bf9a5ee,2016-07,City of London Police,City of London Police,-0.097645,51.515142,On or near ST MARTIN'S LE GRAND,E01032739,City of London 001F,Investigation complete; no suspect identified
eda6b2d9997cb989af51afaffa030bfb4c26ac42dbef59e03c5fb737d9fa3299,2016-07,City of London Police,City of London Police,-0.109155,51.516668,On or near FETTER LANE,E01032740,City of London 001G,Investigation complete; no suspect identified
8de47f9e22c8743616de825c5acc7bb91ff0776b45f591c62b880d241d440b0b,2016-07,City of London Police,City of London Police,-0.091732,51.521080,On or near Nightclub,E01002704,Islington 023D,Investigation complete; no suspect identified
b8515cc6edf801314ff78de0f65fd3805875654ab2aed4cf4aad90c66e26e128,2016-07,City of London Police,City of London Police,-0.077451,51.515523,On or near WHITE KENNETT STREET,E01000005,City of London 001E,Investigation complete; no suspect identified
e8431a4564d98cfa8a0bebbedb152df21d4e8d05e670303e5f1522d1d403a27d,2016-07,City of London Police,City of London Police,-0.081580,51.520510,On or near PINDAR STREET,E01032739,City of London 001F,Investigation complete; no suspect identified
d04fe33ff1c5bdbb4d0b7969c45beb182a860e9ceb46c76873a5b2f3efa1265a,2016-07,City of London Police,City of London Police,-0.102502,51.516165,On or near GREEN ARBOUR COURT,E01032740,City of London 001G,Investigation complete; no suspect identified
84f75d1dd1710da573ac27cacb69134effd4a2db2e47944a639e9ddb886edbac,2016-07,City of London Police,City of London Police,-0.092517,51.520580,On or near WHITECROSS STREET,E01000002,City of London 001B,Investigation complete; no suspect identified
6cc0e1f3dfc792126b8092d8f9d01925dcc9398670697b41063ce925eb3cc38d,2016-07,City of London Police,City of London Police,-0.092517,51.520580,On or near WHITECROSS STREET,E01000002,City of London 001B,Investigation complete; no suspect identified
26fcdf3c97f26a10864cfc051242c9ea7586dd2d8980d8687809baaefec2d193,2016-07,City of London Police,City of London Police,-0.092719,51.512652,On or near QUEEN VICTORIA STREET,E01032739,City of London 001F,Investigation complete; no suspect identified
a18ccdacf61b862e4d15b72fb42dfc710519dc695c7b43222b2ddc3c0c81fb17,2016-07,City of London Police,City of London Police,-0.086278,51.509876,On or near FISH STREET HILL,E01032739,City of London 001F,Investigation complete; no suspect identified
27aa9a037d5b468bc2e6b4719e673e93b92c126bee1f6bdbf68142a3cd651682,2016-07,City of London Police,City of London Police,-0.080234,51.516855,On or near DEVONSHIRE ROW,E01032739,City of London 001F,Unable to prosecute suspect
8888b390033ece63fc1edd5e48022e344e2fae9249862f00f1932cd6bf8d9f27,2016-07,City of London Police,City of London Police,-0.082571,51.514753,On or near GREAT ST HELEN'S,E01032739,City of London 001F,Investigation complete; no suspect identified
0c85ac04296e58ffc21ac5f99fad4c312ae7cfc0524e55919eda970bce2da8e7,2016-07,City of London Police,City of London Police,-0.097562,51.518864,On or near Parking Area,E01000001,City of London 001A,Investigation complete; no suspect identified
2afeb4fa3e08b2ebb616704e9f19191da6feff75b8de0604cfe2f692c981f7ae,2016-07,City of London Police,City of London Police,-0.097929,51.521810,On or near GLASSHOUSE YARD,E01033490,Islington 022H,Investigation complete; no suspect identified
f25eb554762c89223c663cdb12b95b3ec37035f706370876b2314cc38e3b8e6c,2016-07,City of London Police,City of London Police,-0.079786,51.517576,On or near Police Station,E01032739,City of London 001F,Investigation complete; no suspect identified
c6343ba737515c9085873829a79af5f5e5c8101cd47a6511ab326d28e75b67cf,2016-07,City of London Police,City of London Police,-0.080318,51.520678,On or near PRIMROSE STREET,E01032739,City of London 001F,Investigation complete; no suspect identified
429716f4cdda39c6594ff0eac1bee1dd41bb773ba161d363388e47e9a6d9f665,2016-07,City of London Police,City of London Police,-0.096363,51.513377,On or near NEW CHANGE,E01032739,City of London 001F,Investigation complete; no suspect identified
c8a1cf60a6e03b8dd99865edef2d29d2cd8e81c1d9ad05e1da4bf91dbf385a9b,2016-07,City of London Police,City of London Police,-0.080665,51.509344,On or near Pedestrian Subway,E01032739,City of London 001F,Investigation complete; no suspect identified
bd1d06f54228acea969ac5ce34d2747b50a2f4bb0aeb6353b1043da3442b86dd,2016-07,City of London Police,City of London Police,-0.104252,51.516733,On or near Supermarket,E01032740,City of London 001G,Investigation complete; no suspect identified
bc7c1631a63c0fe142c4215764ffdce773cc601e6ce035e5d454ecaf8d67cbb8,2016-07,City of London Police,City of London Police,-0.094758,51.512829,On or near Nightclub,E01032739,City of London 001F,Investigation complete; no suspect identified
91812d308126348631f00c7d732ff30aa78d58a458ddca8bea14ce103fdcfbe5,2016-07,City of London Police,City of London Police,-0.092093,51.516922,On or near BASINGHALL STREET,E01000002,City of London 001B,Investigation complete; no suspect identified
f6bd22b6f8ff1e19ceb886b5f852c3cafe747db92c277243f6ccd6fe2245f883,2016-07,City of London Police,City of London Police,-0.093257,51.513920,On or near BOW LANE,E01032739,City of London 001F,Unable to prosecute suspect
2cb77df4fdbd56cc1d3371eea0a24ddbc23c78f516e1023eeca238d0fabfe602,2016-07,City of London Police,City of London Police,-0.081281,51.512528,On or near FENCHURCH AVENUE,E01032739,City of London 001F,Investigation complete; no suspect identified
09c3d870249487a332773a649265fcc44312d342b35ba81c2b558c6325881037,2016-07,City of London Police,City of London Police,-0.081281,51.512528,On or near FENCHURCH AVENUE,E01032739,City of London 001F,Investigation complete; no suspect identified
ff5f3a1632e11959e1089de69bd6162cdb47d9b33322f65d09ec9dba061a9e41,2016-07,City of London Police,City of London Police,-0.084566,51.517690,On or near BLOMFIELD STREET,E01032739,City of London 001F,Investigation complete; no suspect identified
1a7226d93932cace3cfe33c8740cd8aee64f59ae3c0dfb39b9da69225c1e31da,2016-07,City of London Police,City of London Police,-0.092719,51.512652,On or near QUEEN VICTORIA STREET,E01032739,City of London 001F,Investigation complete; no suspect identified
074eb5526fd94b001ca6327d67ef986aeb22f3cb320cf4d44da06ab760d9caeb,2016-07,City of London Police,City of London Police,-0.074330,51.513647,On or near LITTLE SOMERSET STREET,E01000005,City of London 001E,Investigation complete; no suspect identified
134a540b892bfeba3641da27a3229219c2ed05ed0f38c62ec10390c8c6e9c22a,2016-07,City of London Police,City of London Police,-0.088203,51.518262,On or near MOORGATE,E01032739,City of London 001F,Investigation complete; no suspect identified
cb117b904fd28b0e24e6f365984c68e226fb67bb7b21452fe3d817f65688039c,2016-07,City of London Police,City of London Police,-0.097562,51.518864,On or near Parking Area,E01000001,City of London 001A,Investigation complete; no suspect identified
eee8cc09057095efa9c37430278b433efa793ae83f620ede29a86ceb046953b5,2016-07,City of London Police,City of London Police,-0.082913,51.513463,On or near LEADENHALL STREET,E01032739,City of London 001F,Unable to prosecute suspect
f198e34485a1bad66e02f66b0aa0d957554f9744184619d80d04ff2aa0e02325,2016-07,City of London Police,City of London Police,-0.085173,51.518680,On or near FINSBURY AVENUE,E01032739,City of London 001F,Investigation complete; no suspect identified
1d686e6d95016c6449d7ef96d91becc751d94fe0b072a67159abea8771779d6d,2016-07,City of London Police,City of London Police,-0.104134,51.514699,On or near OLD SEACOAL LANE,E01032740,City of London 001G,Investigation complete; no suspect identified
1b549df9bc8eaca6c7b106601da1bcd0a418d93480f520ff5aad2bb089d39036,2016-07,City of London Police,City of London Police,-0.093796,51.512391,On or near Pedestrian Subway,E01032739,City of London 001F,Investigation complete; no suspect identified
d44ca95a384563d9e15779003829733217bc7de6a8765b9ea388a17a5a0f7df7,2016-07,City of London Police,City of London Police,-0.093257,51.513920,On or near BOW LANE,E01032739,City of London 001F,Investigation complete; no suspect identified
aa64af08fd3a93d58395241984adb7d727d393d42eaff5ffb8be9e960bb60d0c,2016-07,City of London Police,City of London Police,-0.079283,51.511021,On or near SEETHING LANE,E01032739,City of London 001F,Investigation complete; no suspect identified
c1dc6f2107afef6672db6c566260d0dea0179640a45cfccdda6edb94ffce1494,2016-07,City of London Police,City of London Police,-0.102741,51.513885,On or near PAGEANTMASTER COURT,E01032740,City of London 001G,Investigation complete; no suspect identified
2b3745e02cac5d9a87a0f942a3e473225c94fa34d0c1e1a0029652eac2b038c3,2016-07,City of London Police,City of London Police,-0.105900,51.516966,On or near PLUMTREE COURT,E01032740,City of London 001G,Investigation complete; no suspect identified
f6c523ef9725085105c30f6523530acf2478eae4be520fbba736c7dc0b5ba606,2016-07,City of London Police,City of London Police,-0.082913,51.513463,On or near LEADENHALL STREET,E01032739,City of London 001F,Investigation complete; no suspect identified
91ea7ffb8c3bd2cda0f300cb0e5bd8e09a470fa63b772234368b83d510544322,2016-07,City of London Police,City of London Police,-0.103494,51.518654,On or near Shopping Area,E01032740,City of London 001G,Investigation complete; no suspect identified
dcde87e0b5fa55342fc0a9bd25a9a6f7d0e9e8a779202cfc9c67e5f1ddd7f25e,2016-07,City of London Police,City of London Police,-0.098062,51.517577,On or near MONTAGUE STREET,E01000001,City of London 001A,Investigation complete; no suspect identified
e0182e635f926bb868424afda45056d8f9b934198ea23781d8ca60b58dc2c347,2016-07,City of London Police,City of London Police,-0.098572,51.516767,On or near KING EDWARD STREET,E01000001,City of London 001A,Investigation complete; no suspect identified
dc4e4a187f7595b1673f6117700f606afb76c5c31c72201aa3594b99e6428396,2016-07,City of London Police,City of London Police,-0.080318,51.520678,On or near PRIMROSE STREET,E01032739,City of London 001F,Investigation complete; no suspect identified
926ee5ad508e6e4e1a9292ba83ca17f5f38f46604c835c232ae3cdf6da60a8c5,2016-07,City of London Police,City of London Police,-0.084701,51.509320,On or near LOWER THAMES STREET,E01032739,City of London 001F,Investigation complete; no suspect identified
57d8d15d2e5d24238033492a7c55a673fe0f3aff6c755a1d1e56ed9fec5dac67,2016-07,City of London Police,City of London Police,-0.097645,51.515142,On or near ST MARTIN'S LE GRAND,E01032739,City of London 001F,Investigation complete; no suspect identified
18678d68daa9c8c4db4b366409f6d5b322c363e8c246a805c25a84933f174a95,2016-07,City of London Police,City of London Police,-0.092267,51.511745,On or near CLOAK LANE,E01032739,City of London 001F,Investigation complete; no suspect identified
8d1e010a67481cab6dd2989716b005be3cbd9f7c221c2190775d6edfa82a80f7,2016-07,City of London Police,City of London Police,-0.098642,51.517146,On or near LITTLE BRITAIN,E01000001,City of London 001A,Investigation complete; no suspect identified
1b3e0dcdc92012de8a91bb24cbe77d7ad1ec737344bd98cd3122a07a1ac584f2,2016-07,City of London Police,City of London Police,-0.093796,51.512391,On or near Pedestrian Subway,E01032739,City of London 001F,Unable to prosecute suspect
232a5e9501687155412585f8e8ad7b7879a5ab7e3d1cc94b0720e0679780d1a3,2016-07,City of London Police,City of London Police,-0.084618,51.512682,On or near GRACECHURCH STREET,E01032739,City of London 001F,Investigation complete; no suspect identified
722386ee97ff277f903128adb87c932f01b1f115ea4eca3055b2f412ee9819ed,2016-07,City of London Police,City of London Police,-0.090348,51.519358,On or near MOOR LANE,E01000002,City of London 001B,Investigation complete; no suspect identified
349496f1f3cda7f1cbc6a3643ce22d948c42410109cc0e6bfdb97695dd6e55f2,2016-07,City of London Police,City of London Police,-0.108283,51.517526,On or near Supermarket,E01032740,City of London 001G,Investigation complete; no suspect identified
f999279ae037368bb558c9394c50b46f99024b317f311515bf074e50eb67f263,2016-07,City of London Police,City of London Police,-0.079786,51.517576,On or near Police Station,E01032739,City of London 001F,Investigation complete; no suspect identified
d30b15ce59df454c2c5124a07ddcfa0b0886e435a5a2b12cf01166b0cca2a435,2016-07,City of London Police,City of London Police,-0.086166,51.510828,On or near EASTCHEAP,E01032739,City of London 001F,Unable to prosecute suspect
ea6c38d5e09e904f309aa4dd374c8d3b6669c2833f0e2dbe71e85d0a201eaec4,2016-07,City of London Police,City of London Police,-0.083993,51.511440,On or near PHILPOT LANE,E01032739,City of London 001F,Investigation complete; no suspect identified
187528d3e05f0a133ce37dafd2e003340c55834a770553555fb8023a4af21545,2016-07,City of London Police,City of London Police,-0.112039,51.514547,On or near BELL YARD,E01004735,Westminster 018B,Investigation complete; no suspect identified
a5ff1569637e79e008cf9e7bde958fa59bd45ae770fc10fa8c9b36d904566330,2016-07,City of London Police,City of London Police,-0.088233,51.515484,On or near TOKENHOUSE YARD,E01032739,City of London 001F,Investigation complete; no suspect identified
a7b1d846d74dd898bcaf4514725c3682f73dbd30872fd1eb77baa2e90022eec5,2016-07,City of London Police,City of London Police,-0.080318,51.520678,On or near PRIMROSE STREET,E01032739,City of London 001F,Investigation complete; no suspect identified
526f6999719a08bcfa41d2f53d66e9db759069932afe84cea49eed13009b557c,2016-07,City of London Police,City of London Police,-0.081540,51.510806,On or near MINCING LANE,E01032739,City of London 001F,Investigation complete; no suspect identified
d8293c3d08fe03016394c636e011811e66a651692c7590e1fd1faf3d9c9b2d1a,2016-07,City of London Police,City of London Police,-0.080318,51.520678,On or near PRIMROSE STREET,E01032739,City of London 001F,Investigation complete; no suspect identified
c95604f7d1e70e8dfad37a8139436346dcc9835225db6702f47a0759a7128795,2016-07,City of London Police,City of London Police,-0.084566,51.517690,On or near BLOMFIELD STREET,E01032739,City of London 001F,Investigation complete; no suspect identified
83fe216317eea18616f57c80a89e2f6b225e14bdb122986703ae9f64f2dc85cd,2016-07,City of London Police,City of London Police,-0.081620,51.516814,On or near ALDERMAN'S WALK,E01032739,City of London 001F,Investigation complete; no suspect identified
94342b09da813d8c296021087ff392b769d86adc7bd3640462e30175dc14b119,2016-07,City of London Police,City of London Police,-0.087760,51.517149,On or near LONDON WALL,E01032739,City of London 001F,Unable to prosecute suspect
89e7a8dc7286ad6c5e06fb5e29f6821546654229c7ebe2bf83876895c9d99cbe,2016-07,City of London Police,City of London Police,-0.093969,51.519300,On or near Park/Open Space,E01000002,City of London 001B,Investigation complete; no suspect identified
32d7d9f617a3b2b3572b5b4404b0d22e2dcfeab72b465ccbff172044bc137384,2016-07,City of London Police,City of London Police,-0.079011,51.509614,On or near Pedestrian Subway,E01032739,City of London 001F,Investigation complete; no suspect identified
581ab934e2c901c77c5cc5822ac6c24abe28191f7941ce4d2f356dc6ed058080,2016-07,City of London Police,City of London Police,-0.076080,51.511445,On or near AMERICA SQUARE,E01000005,City of London 001E,Unable to prosecute suspect
56b79b9776431ad2eb0eb010bfdabb6013de9ce54949011afa99bf6b3ba3d4d5,2016-07,City of London Police,City of London Police,-0.102930,51.518375,On or near WEST SMITHFIELD,E01032740,City of London 001G,Unable to prosecute suspect
a932e142304b090b83247cb7f8e98c363ff85ec2c2834a2b364f18c91dc6b7b2,2016-07,City of London Police,City of London Police,-0.106680,51.515882,On or near Parking Area,E01032740,City of London 001G,Investigation complete; no suspect identified
35a6dfd843fca7954bd812e0309728a2f9d6b9757a890b64d1c376777a30c295,2016-07,City of London Police,City of London Police,-0.084566,51.517690,On or near BLOMFIELD STREET,E01032739,City of London 001F,Unable to prosecute suspect
671475c8ca2d13b7319c4d88f6234dfbfceac27e5c4ef97732ec09e6a06c52f3,2016-07,City of London Police,City of London Police,-0.094231,51.511984,On or near GREAT TRINITY LANE,E01032739,City of London 001F,Investigation complete; no suspect identified
ce04f26261946c41504b6fbf3264818d1a0321696fa7ad437a4176ddf94e6904,2016-07,City of London Police,City of London Police,-0.084967,51.512598,On or near BELL INN YARD,E01032739,City of London 001F,Investigation complete; no suspect identified
54586b45ea529e38abc339eed8a2e9fcd142bad7d61d97f2f2f9c5fefa6621c1,2016-07,City of London Police,City of London Police,-0.084723,51.514986,On or near Conference/Exhibition Centre,E01032739,City of London 001F,Investigation complete; no suspect identified
9b23b3448e8f903147ccc51731fef19b315108d0d9928aedcc7d81e0eaddacbb,2016-07,City of London Police,City of London Police,,,No location,,,Investigation complete; no suspect identified
b0a95e44e26f26abbbbc42ebf2407b5519ccdd0a4e4b52aa4e1432d39189572f,2016-07,City of London Police,City of London Police,-0.101575,51.513857,On or near LUDGATE HILL,E01032739,City of London 001F,Investigation complete; no suspect identified
dfe0ce07274f8f3e72e3bcebb677f2fa0aa5daa9666069fe778fa5f70bfe3b73,2016-07,City of London Police,City of London Police,-0.101274,51.512791,On or near ST ANDREW'S HILL,E01032739,City of London 001F,Investigation complete; no suspect identified
4298ffc37083a77f0067824bfad66a4311f182b0a18f9b68618efed92db9ec12,2016-07,City of London Police,City of London Police,-0.100179,51.514158,On or near Shopping Area,E01032739,City of London 001F,Investigation complete; no suspect identified
662e1393025642eb04b2438dca56474bdb8275f88ddf66e71a9b9a5b1df4e3ed,2016-07,City of London Police,City of London Police,-0.081938,51.513007,On or near LIME STREET,E01032739,City of London 001F,Unable to prosecute suspect
aa9bbc055e28a0cdfe7afaa9e924e4dc7319fd4cb866af03272ff761e65235b4,2016-07,City of London Police,City of London Police,-0.099818,51.519017,On or near CLOTH FAIR,E01032740,City of London 001G,Unable to prosecute suspect
da7610cc14d786e3ca5d4b00cfc6939288039b4c49ca1aec3f60fca74b33b079,2016-07,City of London Police,City of London Police,-0.080034,51.513389,On or near LEADENHALL STREET,E01032739,City of London 001F,Investigation complete; no suspect identified
92bb64b20c52e57f9e51da6810f2edf8c3e68228fde82ef6b97f665ce406c9a4,2016-07,City of London Police,City of London Police,-0.087549,51.514276,On or near BARTHOLOMEW LANE,E01032739,City of London 001F,Investigation complete; no suspect identified
20071f2e7ddeb481d0af2f97a4e5af56e97d39a5675c844eb4303120083719a7,2016-07,City of London Police,City of London Police,-0.084251,51.520059,On or near SUN STREET,E01032739,City of London 001F,Investigation complete; no suspect identified
bfc9572b57dc3bd6c14298722dc88646fe89748923c054ddd364b13d5f49c58e,2016-07,City of London Police,City of London Police,-0.089451,51.517032,On or near Bus/Coach Station,E01032739,City of London 001F,Investigation complete; no suspect identified
719fe3da5fb66fea3a474e463b914d5cf33ad6800290ca6b4a5e637ad9ba60f5,2016-07,City of London Police,City of London Police,-0.086278,51.509876,On or near FISH STREET HILL,E01032739,City of London 001F,Investigation complete; no suspect identified
3c9dec314fc69098b7e63c4892f268aaa1b7efc2aeedf811b05007abe9597842,2016-07,City of London Police,City of London Police,-0.076270,51.515504,On or near GRAVEL LANE,E01000005,City of London 001E,Investigation complete; no suspect identified
45595a451ba6d82b5fae6a9274ec4fab84c211185df03f8dbf81601ca3fa0c7c,2016-07,City of London Police,City of London Police,-0.099907,51.512031,On or near QUEEN VICTORIA STREET,E01032739,City of London 001F,Investigation complete; no suspect identified
0a9a37525799c941e781d92471f27ae7221f6250aa73f06c64ef506ade2eb1ba,2016-07,City of London Police,City of London Police,-0.105134,51.513869,On or near BRIDE LANE,E01032740,City of London 001G,Investigation complete; no suspect identified
9025e24e27821797aca8a3b9edfa17ad1364b42854b79b77315d81ed27f7fcb0,2016-07,City of London Police,City of London Police,-0.102721,51.515404,On or near ST GEORGES'S COURT,E01032740,City of London 001G,Unable to prosecute suspect
a701c3b3893d0f2fb8647161ef75fab966ec23fccc7e7672e2f778fd01d3e806,2016-07,City of London Police,City of London Police,-0.096363,51.513377,On or near NEW CHANGE,E01032739,City of London 001F,Formal action is not in the public interest
9122e46f57cd2e14ed26a21f700bbc3e3a298cd3013c4dcd0168285e370b1975,2016-07,City of London Police,City of London Police,-0.092719,51.512652,On or near QUEEN VICTORIA STREET,E01032739,City of London 001F,Investigation complete; no suspect identified
d68c208dd97b6efaba13781d694a29d0acbbf30f0df5c1f9d887d1f4ddd129f6,2016-07,City of London Police,City of London Police,-0.092268,51.514461,On or near KING STREET,E01032739,City of London 001F,Investigation complete; no suspect identified
2159dcd5c1968094dac1bd78d801d06465f3ab83a3b557fad856bb80e33eb696,2016-07,City of London Police,City of London Police,-0.091732,51.521080,On or near Nightclub,E01002704,Islington 023D,Unable to prosecute suspect
5b2f1ffc8446e7a26e5b44025319306cabba604f3da19410f07d33562981f6ef,2016-07,City of London Police,City of London Police,-0.077578,51.510795,On or near PEPYS STREET,E01032739,City of London 001F,Unable to prosecute suspect
c1af41f3b80e0f3f73dbea1cefcb296b232f2d824612e9a953818dbc1e8ed5ea,2016-07,City of London Police,City of London Police,-0.100179,51.514158,On or near Shopping Area,E01032739,City of London 001F,Investigation complete; no suspect identified
176b8540c7aed5495f3a1768b6352ce4ce369c3b8b0ccf6364e4229b8c2991cb,2016-07,City of London Police,City of London Police,-0.089698,51.511812,On or near OXFORD COURT,E01032739,City of London 001F,Investigation complete; no suspect identified
185706e24a05260ac0a58dc1ccdd04cf7b1f10200c39fb684c4b7c2b5a5f6ad1,2016-07,City of London Police,City of London Police,-0.088843,51.509532,On or near Parking Area,E01032739,City of London 001F,Investigation complete; no suspect identified
e6d53fe38906659dbd265b3104df49abb14b650624d8a2b0d2d337257d3f9f3a,2016-07,City of London Police,City of London Police,-0.079786,51.517576,On or near Police Station,E01032739,City of London 001F,Unable to prosecute suspect
8db8261d3635d238223d047b830175ef8d7067b6ac15eca061e17bd2972d3742,2016-07,City of London Police,City of London Police,-0.097601,51.520699,On or near CARTHUSIAN STREET,E01000001,City of London 001A,Investigation complete; no suspect identified
d3a72afcec8e51ed08406a67cf812eec04272741b9922007b7c54ec04badbb6a,2016-07,City of London Police,City of London Police,-0.086051,51.513569,On or near FINCH LANE,E01032739,City of London 001F,Investigation complete; no suspect identified
913eaf80ea29d1aebc9830ff4f31938095dfa4a474e358f15681b75224bda6e3,2016-07,City of London Police,City of London Police,-0.099907,51.512031,On or near QUEEN VICTORIA STREET,E01032739,City of London 001F,Investigation complete; no suspect identified
3e6c13ee24b0900e289b4c6b6e44a599c874ca80bbcda304da255e65b6507416,2016-07,City of London Police,City of London Police,-0.083755,51.514358,On or near THREADNEEDLE STREET,E01032739,City of London 001F,Investigation complete; no suspect identified
c8c5935dd65dea2d7c08490d75b6099e379c28ceac07587bde4c375d25cbef16,2016-07,City of London Police,City of London Police,-0.082913,51.513463,On or near LEADENHALL STREET,E01032739,City of London 001F,Investigation complete; no suspect identified
cfe200678f7288624580c628e5b1b93ad907ee2ee00bfc38ac8f8583a314e3bc,2016-07,City of London Police,City of London Police,-0.096075,51.514766,On or near FOSTER LANE,E01032739,City of London 001F,Unable to prosecute suspect
f894746672b082dee20886b473fd5a329871cc0b5e6c07467c85e8af48fad150,2016-07,City of London Police,City of London Police,-0.095400,51.515753,On or near Conference/Exhibition Centre,E01000002,City of London 001B,Unable to prosecute suspect
30e360addae12a4992a6693e75b68bf275d53992f5ff9d975b2f559f808b1e72,2016-07,City of London Police,City of London Police,-0.095400,51.515753,On or near Conference/Exhibition Centre,E01000002,City of London 001B,Unable to prosecute suspect
d74454546795def933ac3604f80ff320f55d76392f80ca626723438fe5ee1572,2016-07,City of London Police,City of London Police,-0.082066,51.516147,On or near WORMWOOD STREET,E01032739,City of London 001F,Unable to prosecute suspect
6a429cc8ebd606fe1467ad92f4159aed37665d955fdc1f14b0b88ed78836a49f,2016-07,City of London Police,City of London Police,-0.100179,51.514158,On or near Shopping Area,E01032739,City of London 001F,Investigation complete; no suspect identified
d01e63156cab933f3337a55d3486b317226e43bb5b8dd504337ab72d98d26956,2016-07,City of London Police,City of London Police,-0.079786,51.517576,On or near Police Station,E01032739,City of London 001F,Investigation complete; no suspect identified
81b8abfd660250e4af620464d33f4bc75da1b5b408c6426badd2f6368d9b5f1e,2016-07,City of London Police,City of London Police,-0.082571,51.514753,On or near GREAT ST HELEN'S,E01032739,City of London 001F,Unable to prosecute suspect
3188b2e06f6883c65eeb9a76b07e77bb6b90733903a5cce11be2beb4fb76241f,2016-07,City of London Police,City of London Police,-0.077578,51.510795,On or near PEPYS STREET,E01032739,City of London 001F,Investigation complete; no suspect identified
a0892f7282649167c0be9104e63534ed05611e1c309c6c59ad42fb843614fa39,2016-07,City of London Police,City of London Police,-0.079607,51.515657,On or near ST MARY AXE,E01000005,City of London 001E,Investigation complete; no suspect identified
a7b2c0c95de7f639e283a2c7dc109e0345bc7f19f7c373b0254a533b084a3edb,2016-07,City of London Police,City of London Police,-0.080376,51.517244,On or near Supermarket,E01032739,City of London 001F,Investigation complete; no suspect identified
f760d4c5c9e4715588bf60d0f5299fb111083f6109d9cf83c32f01456ccc9323,2016-07,City of London Police,City of London Police,-0.102930,51.518375,On or near WEST SMITHFIELD,E01032740,City of London 001G,Investigation complete; no suspect identified
6ec8f37de4803d64d9b7c8032043335b07d5f15937ab420a62a396df38c0d3d5,2016-07,City of London Police,City of London Police,-0.074958,51.514151,On or near ALDGATE HIGH STREET,E01000005,City of London 001E,Investigation complete; no suspect identified
c8ed109791520c455f1c33037d589dc0284ce5bcf5bb2783f38f0d65beac0398,2016-07,City of London Police,City of London Police,-0.093257,51.513920,On or near BOW LANE,E01032739,City of London 001F,Investigation complete; no suspect identified
e1e418664869a48d769b25a65e5d0a3725eb358863044747e87095f301487d42,2016-07,City of London Police,City of London Police,-0.080146,51.514848,On or near BURY COURT,E01032739,City of London 001F,Unable to prosecute suspect
637ae29f79babe966865c38a6857149f9d82a9bac5ee0a8ed6e557031649f035,2016-07,City of London Police,City of London Police,-0.079130,51.507808,On or near Ferry Terminal,E01004293,Tower Hamlets 027B,Investigation complete; no suspect identified
767b807bd98bb33eaf17da93726ff068cec733b20f63003e567dbc51a2c1c145,2016-07,City of London Police,City of London Police,-0.076833,51.513769,On or near HOUNDSDITCH,E01000005,City of London 001E,Investigation complete; no suspect identified
fb063ed88b47b618e1f99bf4b40b6f52c0a805398d2f0df97541ba24e2eabf4e,2016-07,City of London Police,City of London Police,-0.088203,51.518262,On or near MOORGATE,E01032739,City of London 001F,Investigation complete; no suspect identified
38abeec2577269f7a898d4b534e7d801b0ce000c3b6ff14f54272fd0faa0c109,2016-07,City of London Police,City of London Police,-0.084618,51.512682,On or near GRACECHURCH STREET,E01032739,City of London 001F,Investigation complete; no suspect identified
a16c805c2bc4b37919553030d13e1acfce617649850ad6c663050783eeec99ea,2016-07,City of London Police,City of London Police,-0.095914,51.520348,On or near BEECH STREET,E01000001,City of London 001A,Investigation complete; no suspect identified
6e72b0564ec0d63a2397b728712fdaddc7277dd3af441c025c640451ccfe6ef6,2016-07,City of London Police,City of London Police,-0.079080,51.519615,On or near BISHOPSGATE,E01004307,Tower Hamlets 015B,Unable to prosecute suspect
f0661b26ee3db48488ce0abf70ecc65e60206c669ecf0b478f5758b512499475,2016-07,City of London Police,City of London Police,-0.082571,51.514753,On or near GREAT ST HELEN'S,E01032739,City of London 001F,Investigation complete; no suspect identified
d8ecf74ac72a7c4abc36929678b918f0a1a1777988240882c61465f3a2f74be8,2016-07,City of London Police,City of London Police,-0.076044,51.512650,On or near INDIA STREET,E01000005,City of London 001E,Unable to prosecute suspect
7b0713187592a533eca5268b25ae063e6a36929fe88be157ab53e34f20288013,2016-07,City of London Police,City of London Police,-0.093969,51.519300,On or near Park/Open Space,E01000002,City of London 001B,Investigation complete; no suspect identified
dfc2ea95d9e7c547ad3571504ac932656f5db1773f6a712783715a221e79a563,2016-07,City of London Police,City of London Police,-0.078484,51.517680,On or near CATHERINE WHEEL ALLEY,E01032739,City of London 001F,Unable to prosecute suspect
d394a9e9733ec4134910e40888bd74e176418fdecb628aa8dab452f747b51b2b,2016-07,City of London Police,City of London Police,-0.100884,51.516966,On or near Hospital,E01032740,City of London 001G,Investigation complete; no suspect identified
2f1b88fc8e67fc2cd8f428feb30a9e070f4fba10eaa65496c283f0edb904b1dd,2016-07,City of London Police,City of London Police,-0.105134,51.513869,On or near BRIDE LANE,E01032740,City of London 001G,Investigation complete; no suspect identified
ed0897f27730b8ce0bfa6c61a7ae7e342bb627de5fc059aa1ee94320cfbe1d64,2016-07,City of London Police,City of London Police,-0.084095,51.516900,On or near NEW BROAD STREET,E01032739,City of London 001F,Investigation complete; no suspect identified
c425e9f0df61e626e4b82933b5b0bab04733b9db687690017678930489cbab42,2016-07,City of London Police,City of London Police,-0.085355,51.510563,On or near PUDDING LANE,E01032739,City of London 001F,Unable to prosecute suspect
d1c04f324eda2b1097c60b13644bb7a6e2650c4e02a3784f8fc105e683f4ed04,2016-07,City of London Police,City of London Police,-0.093257,51.513920,On or near BOW LANE,E01032739,City of London 001F,Unable to prosecute suspect
a872b2c0744e9faeb6c2024db0e82911647f6524a8aa7145df27946721fd01c9,2016-07,City of London Police,City of London Police,-0.083086,51.511407,On or near ROOD LANE,E01032739,City of London 001F,Investigation complete; no suspect identified
cea8722aba7372c33866f5fc566adc93c7cbc0527afebddeee6d832646a59169,2016-07,City of London Police,City of London Police,-0.080665,51.509344,On or near Pedestrian Subway,E01032739,City of London 001F,Investigation complete; no suspect identified
fa13eb55a55dbe71e65bb101deeeffb9c148caf2c0ae69f0515917c98458c033,2016-07,City of London Police,City of London Police,-0.101959,51.513297,On or near CARTER LANE,E01032739,City of London 001F,Investigation complete; no suspect identified
5efae1a14a9b66eb23365e87598af1a124c82410ee2317568c43e43cb0a51fb3,2016-07,City of London Police,City of London Police,-0.077601,51.518799,On or near STEWARD STREET,E01004307,Tower Hamlets 015B,Investigation complete; no suspect identified
42d878613d63a1eca574a2a1130929e6b39ae9f23daf43acefd1f6e5caf39bfd,2016-07,City of London Police,City of London Police,-0.086624,51.511923,On or near CLEMENT'S LANE,E01032739,City of London 001F,Investigation complete; no suspect identified
d22176ee9235fcb08866d5b793373ebac936872eafa609584c7ff48b7fdd9aaf,2016-07,City of London Police,City of London Police,-0.104973,51.512887,On or near BRIDEWELL PLACE,E01032740,City of London 001G,Unable to prosecute suspect
e506096bf4835d3456681bf1ab37368f62e0c53da138c4a8b5feee67e6e64afe,2016-07,City of London Police,City of London Police,-0.093933,51.519812,On or near Conference/Exhibition Centre,E01000002,City of London 001B,Unable to prosecute suspect
54ea3237515d63d98fd5b85f701d64acc0d479f12660fd8815369789ee615c1f,2016-07,City of London Police,City of London Police,-0.093030,51.517612,On or near Parking Area,E01000002,City of London 001B,Unable to prosecute suspect
dd1935709584668b4f8117f227b51fe5245c2daaa032da97c220a4f125115884,2016-07,City of London Police,City of London Police,-0.093796,51.512391,On or near Pedestrian Subway,E01032739,City of London 001F,Unable to prosecute suspect
f2a751c8e2b39f13f6e331ba5004bfb8b503c8347817a250acd94db01d292db9,2016-07,City of London Police,City of London Police,,,No location,,,Unable to prosecute suspect
93a96e6850e226f86844e0a8ed8b00dce6530ce40b89e39e998215a4ba32e3da,2016-07,City of London Police,City of London Police,,,No location,,,Local resolution
6b298c6f401e98e2486292b4b3f95c4ee23e7924a2fa8be58cdd548d7d0e23f8,2016-07,City of London Police,City of London Police,-0.093845,51.518462,On or near Park/Open Space,E01000002,City of London 001B,Offender given penalty notice
0bef444f02a697c55a515c714ee62c255946718b3fba290fb7fd13e331e71d2d,2016-07,City of London Police,City of London Police,-0.096348,51.515472,On or near FOSTER LANE,E01000001,City of London 001A,Offender given penalty notice
9ba6e2c7e2382a39a05ef650fdfac4c19207791f8192d6e42630e7036c906dde,2016-07,City of London Police,City of London Police,-0.084566,51.517690,On or near BLOMFIELD STREET,E01032739,City of London 001F,Offender given a drugs possession warning
aa0e52356dfabafcb26e277562b4153d4131ee20971e05922216e0f717e783b7,2016-07,City of London Police,City of London Police,-0.079786,51.517576,On or near Police Station,E01032739,City of London 001F,Offender given a drugs possession warning
5eedf27afaaaa735a46a196fdb7e0ca9e919977f75f8a939b4773b745f454065,2016-07,City of London Police,City of London Police,-0.094464,51.512959,On or near WATLING COURT,E01032739,City of London 001F,Offender given a caution
10f908496223739d124a4bea79a4fb8f50f1b0ca608f5e65ee2e944c5685941d,2016-07,City of London Police,City of London Police,-0.084618,51.512682,On or near GRACECHURCH STREET,E01032739,City of London 001F,Offender given a caution
672c608c5bd16092818b979a873828b83fd10c3e47b23e24ae8eeb63e3fa449e,2016-07,City of London Police,City of London Police,-0.083755,51.514358,On or near THREADNEEDLE STREET,E01032739,City of London 001F,Offender given a caution
7b92838fc6a205da05ec30e391723fad8cd11170e9ce2e100ce7b8a00860b585,2016-07,City of London Police,City of London Police,-0.082571,51.514753,On or near GREAT ST HELEN'S,E01032739,City of London 001F,Offender given a drugs possession warning
77832093146ec641dfd1217d20d90a843295cc109c96994aa41b9d555db4a856,2016-07,City of London Police,City of London Police,-0.074330,51.513647,On or near LITTLE SOMERSET STREET,E01000005,City of London 001E,Offender given a drugs possession warning
b11c0c00cdab96e5fcbc1bd0ca20266b4b565eb16f543f2464dbe80dd0390d37,2016-07,City of London Police,City of London Police,-0.074330,51.513647,On or near LITTLE SOMERSET STREET,E01000005,City of London 001E,Offender given a drugs possession warning
686324fa80fad8c24e002e57be99777eb4809fce21b355945f81684b0b0946d9,2016-07,City of London Police,City of London Police,-0.080376,51.517244,On or near Supermarket,E01032739,City of London 001F,Offender given a caution
25186c766a3c41430e282bfdbd4b09de0a88947ae3c59e9e5ce7f3aa271f2e29,2016-07,City of London Police,City of London Police,-0.084566,51.517690,On or near BLOMFIELD STREET,E01032739,City of London 001F,Local resolution
4a42896ed1d7f8d108cf939bb2ff6babd1299d15bd1d3499d2537c6ffd77c300,2016-07,City of London Police,City of London Police,-0.084566,51.517690,On or near BLOMFIELD STREET,E01032739,City of London 001F,Local resolution
31b0dd2252c2c022a3df4b66f0214c8b66ca5dae131f1f62d57127c81e314209,2016-07,City of London Police,City of London Police,-0.080318,51.520678,On or near PRIMROSE STREET,E01032739,City of London 001F,Offender given a caution
549e4dfe2e7a299d75468f3ccf65b15a79b3d1dcd8d442626df511be08d84f0d,2016-07,City of London Police,City of London Police,-0.088995,51.512088,On or near ST SWITHIN'S LANE,E01032739,City of London 001F,Local resolution
39f4baff33dfe6f73962aa1790040e95bf92561009c8b43a10f170a271cce72c,2016-07,City of London Police,City of London Police,-0.094720,51.514420,On or near WOOD STREET,E01032739,City of London 001F,Offender given a drugs possession warning
ccbf2e554636868f80bb34b110c5ed2bc595ba5bc43ea70db44f1eb833f65e27,2016-07,City of London Police,City of London Police,-0.084095,51.516900,On or near NEW BROAD STREET,E01032739,City of London 001F,Offender given a drugs possession warning
da07b1226633b901207ef91fba80d61e594dc64f4b26580bdd63d730f1c58c56,2016-07,City of London Police,City of London Police,-0.082571,51.514753,On or near GREAT ST HELEN'S,E01032739,City of London 001F,Offender given penalty notice
e6a7eaa59e26f345f8ddc3c3e89aac9c40c95faf3980d0091da6583c093e8648,2016-07,City of London Police,City of London Police,-0.081832,51.514507,On or near UNDERSHAFT,E01032739,City of London 001F,Offender given a caution
56a399e5c1f2913f75670b0b85288f07a2c9f54623a870a6434b8034bbf6e715,2016-07,City of London Police,City of London Police,-0.081832,51.514507,On or near UNDERSHAFT,E01032739,City of London 001F,Offender given a caution
e9ec5d14d40f750c3d4a40e0536a90a68ddf56769a1c47e9d2520a612b646ea0,2016-07,City of London Police,City of London Police,-0.080665,51.509344,On or near Pedestrian Subway,E01032739,City of London 001F,Offender given a drugs possession warning
ad47fe1bf6a559f1173f287ad44f2a757608a3b05c996d845a9dcb23bb16347f,2016-07,City of London Police,City of London Police,-0.075389,51.511775,On or near MINORIES,E01000005,City of London 001E,Suspect charged as part of another case
1d7042e44d08f668f080b815bf5408c086e5bcc41a889a11ac0591bf7fd13344,2016-07,City of London Police,City of London Police,-0.092719,51.512652,On or near QUEEN VICTORIA STREET,E01032739,City of London 001F,Offender given a caution
12ae623499726b5dcf1044eb238ded5a146caca25e98b2ec3441357b42fa4f72,2016-07,City of London Police,City of London Police,-0.091494,51.510924,On or near COLLEGE STREET,E01032739,City of London 001F,Offender given a caution
6a33b4c6912995376e98c43a88ac5852e3ac4dfda16edf4abaa461e95fcd20a5,2016-07,City of London Police,City of London Police,-0.078718,51.521038,On or near NORTON FOLGATE,E01004307,Tower Hamlets 015B,Offender given a drugs possession warning
cb9e488b75b3e88286c6a61cb08cb15f5d610f069cc654e6ef019008834b7465,2016-07,City of London Police,City of London Police,-0.096075,51.514766,On or near FOSTER LANE,E01032739,City of London 001F,Offender given a caution
dad643b6b4dce23db01725c00bd14c3044e28fdf5371dad9ca11862032a37d0c,2016-07,City of London Police,City of London Police,-0.081091,51.516014,On or near CAMOMILE STREET,E01032739,City of London 001F,Offender given a caution
da07b1226633b901207ef91fba80d61e594dc64f4b26580bdd63d730f1c58c56,2016-07,City of London Police,City of London Police,-0.082571,51.514753,On or near GREAT ST HELEN'S,E01032739,City of London 001F,Offender given penalty notice
c7b81df7f035b46db427f03f03f7df79037be2295fb54f4d08cf03f0e26ff55f,2016-07,City of London Police,City of London Police,-0.075146,51.513435,On or near Bus/Coach Station,E01000005,City of London 001E,Local resolution
cc0855928c39dd4eaaaebb007dd002f8c5c80077e8941a1c4c5ebb578fa37391,2016-07,City of London Police,City of London Police,-0.100179,51.514158,On or near Shopping Area,E01032739,City of London 001F,Offender given a caution
149569b7ed9b777acb5d443d7e80450d4d43d12e9d3191353dd8ecc061d500ca,2016-07,City of London Police,City of London Police,-0.078856,51.518433,On or near ARTILLERY LANE,E01032739,City of London 001F,Suspect charged
b2ac1ab3e65b65ee6936bdfecb1481050c5770ab9b552dfae722a3de55ceb8aa,2016-07,City of London Police,City of London Police,-0.075508,51.514763,On or near Pedestrian Subway,E01000005,City of London 001E,Suspect charged
a1ee5e5b08f6f5ccdcc6219d6e4a3a2eb58a0ae29118d6be184b7ab83ab1022c,2016-07,City of London Police,City of London Police,-0.104281,51.516032,On or near BEAR ALLEY,E01032740,City of London 001G,Suspect charged
b0d36e938098e4007dd9a9cbb8cd1612e4bcbf6ad5bf2ca15725deded6547ea9,2016-07,City of London Police,City of London Police,-0.097277,51.515307,On or near ST MARTIN'S LE GRAND,E01000001,City of London 001A,Suspect charged
e98f93a8b0d3e1886866a8feed8ea99cf86486b6651490a4b64534bf0deba65a,2016-07,City of London Police,City of London Police,-0.094720,51.514420,On or near WOOD STREET,E01032739,City of London 001F,Suspect charged
ea82960c29b3d9b2789a8a106d8341898addf165108bce53d3e361f9e08dee83,2016-07,City of London Police,City of London Police,-0.077224,51.516122,On or near Shopping Area,E01000005,City of London 001E,Suspect charged
ea82960c29b3d9b2789a8a106d8341898addf165108bce53d3e361f9e08dee83,2016-07,City of London Police,City of London Police,-0.077224,51.516122,On or near Shopping Area,E01000005,City of London 001E,Suspect charged
ea82960c29b3d9b2789a8a106d8341898addf165108bce53d3e361f9e08dee83,2016-07,City of London Police,City of London Police,-0.077224,51.516122,On or near Shopping Area,E01000005,City of London 001E,Suspect charged
9ba128f5301e29bd0f86936939569bf45625d99e1288683a7a26f28b880fd4d9,2016-07,City of London Police,City of London Police,-0.085257,51.511200,On or near TALBOT COURT,E01032739,City of London 001F,Suspect charged
da53d5bb083849c5d3d868d7223f3ba672c0af185abe457ec90391dd0032bf5a,2016-07,City of London Police,City of London Police,-0.097223,51.515225,On or near ST MARTIN'S LE GRAND,E01000001,City of London 001A,Suspect charged
134ec64640b955d2b5b1d1d2eaba5e24547b5c9621f6a52f7f42406fdf85cc7b,2016-07,City of London Police,City of London Police,-0.086624,51.511923,On or near CLEMENT'S LANE,E01032739,City of London 001F,Suspect charged
5f95a3c47fb6ce592c4b518b9b6ccebaea7ecb905ac2127671866f6a03defdf9,2016-07,City of London Police,City of London Police,-0.088042,51.511794,On or near ABCHURCH LANE,E01032739,City of London 001F,Suspect charged
a16f8100bac2ee8643108f2cf80763cd7334f0e22739cd2e9a263050204ad665,2016-07,City of London Police,City of London Police,-0.088042,51.511794,On or near ABCHURCH LANE,E01032739,City of London 001F,Suspect charged
a9d34226f4174fb3b482a865ed9d691320d1c631fada3092df56c68387b4a24e,2016-07,City of London Police,City of London Police,-0.099818,51.519017,On or near CLOTH FAIR,E01032740,City of London 001G,Suspect charged
c43e1d2a58c64b00fb747c36a04a5a6a02e1675173949a11d8ffc0ff19370e07,2016-07,City of London Police,City of London Police,-0.096561,51.514513,On or near CHEAPSIDE,E01032739,City of London 001F,Suspect charged
d768438b499e220a3d9f42453c9de4c77f6c13aa924f6f1e8a779e06424e4748,2016-07,City of London Police,City of London Police,-0.078718,51.521038,On or near NORTON FOLGATE,E01004307,Tower Hamlets 015B,Suspect charged
3b9f1a58454c8998d7718cbb685a03a0b2f69053a8bc5da492272eb20aedb991,2016-07,City of London Police,City of London Police,-0.096363,51.513377,On or near NEW CHANGE,E01032739,City of London 001F,Suspect charged
ea82960c29b3d9b2789a8a106d8341898addf165108bce53d3e361f9e08dee83,2016-07,City of London Police,City of London Police,-0.077224,51.516122,On or near Shopping Area,E01000005,City of London 001E,Suspect charged
5754e194bc8abdad15c88184f27bc3278521799c802647c389f174d5d0bee30d,2016-07,City of London Police,City of London Police,-0.089838,51.516067,On or near COLEMAN STREET,E01032739,City of London 001F,Suspect charged
cf3b867bba5812d36adc9904a365e2d37dba813d6401d76ae986ef791ec950e4,2016-07,City of London Police,City of London Police,-0.093257,51.513920,On or near BOW LANE,E01032739,City of London 001F,Suspect charged
ed44d3a2e6e07c2b07c3741cb21dfc276fa6548e0ce6ccdea4290f1446540c5e,2016-07,City of London Police,City of London Police,-0.084199,51.513394,On or near CORNHILL,E01032739,City of London 001F,Suspect charged
f087601724aa8c46b94ff5011a31f8c3d9e28dc83f226165ef1c3214e11c6f3f,2016-07,City of London Police,City of London Police,-0.082811,51.510054,On or near IDOL LANE,E01032739,City of London 001F,Suspect charged
b32087ba5ba4a714685719c16798a07a8f59015d19127fc3ae6539588b7fec8b,2016-07,City of London Police,City of London Police,-0.084618,51.512682,On or near GRACECHURCH STREET,E01032739,City of London 001F,Suspect charged
1b74dd2f887ebd4f8a9b9d38ea70b615dfb1a527dbcccbfe0cbce7481bf2e60d,2016-07,City of London Police,City of London Police,-0.093257,51.513920,On or near BOW LANE,E01032739,City of London 001F,Suspect charged
f13d92ebd0a324d3852304d9694464443d01948299855743e8ca96325c108479,2016-07,City of London Police,City of London Police,-0.077451,51.515523,On or near WHITE KENNETT STREET,E01000005,City of London 001E,Suspect charged
96e92050b3d1896c2dbd15fdcf7c328d70729b9df6b50e20951fc4e8c48c82c9,2016-07,City of London Police,City of London Police,-0.087760,51.517149,On or near LONDON WALL,E01032739,City of London 001F,Suspect charged
d4cf044e0d81fe1efe2e4caaa2c1666c3ae435ead4c9eb23219d1488b68ee260,2016-07,City of London Police,City of London Police,-0.079786,51.517576,On or near Police Station,E01032739,City of London 001F,Suspect charged
71819cf2dedd57bf57b8ce035ea88c888466dbe02290fc1af7bfd5a73c1b77e7,2016-07,City of London Police,City of London Police,-0.104252,51.516733,On or near Supermarket,E01032740,City of London 001G,Suspect charged
edc2583177b70f3be99f86fc82762c7f24056b7145dd84d040b3ce9289887274,2016-07,City of London Police,City of London Police,-0.084095,51.516900,On or near NEW BROAD STREET,E01032739,City of London 001F,Suspect charged
ea82960c29b3d9b2789a8a106d8341898addf165108bce53d3e361f9e08dee83,2016-07,City of London Police,City of London Police,-0.077224,51.516122,On or near Shopping Area,E01000005,City of London 001E,Suspect charged
ea82960c29b3d9b2789a8a106d8341898addf165108bce53d3e361f9e08dee83,2016-07,City of London Police,City of London Police,-0.077224,51.516122,On or near Shopping Area,E01000005,City of London 001E,Suspect charged
ea82960c29b3d9b2789a8a106d8341898addf165108bce53d3e361f9e08dee83,2016-07,City of London Police,City of London Police,-0.077224,51.516122,On or near Shopping Area,E01000005,City of London 001E,Suspect charged
ba2f29271e3e3cf901a9904f06c37144a1f6bce6e43b1cdd81a3494ce020c937,2016-07,City of London Police,City of London Police,-0.099907,51.512031,On or near QUEEN VICTORIA STREET,E01032739,City of London 001F,Suspect charged
e13e0bdd44036020b483f071ee9ce9fdf998ed93a92b27d2a20f771f1413c8c7,2016-07,City of London Police,City of London Police,-0.089435,51.511223,On or near BUSH LANE,E01032739,City of London 001F,Suspect charged
78f0c2f4cb000c67db49a2d9e28b7fe6659e9808630d4c6f7de02de3edb94307,2016-07,City of London Police,City of London Police,-0.084967,51.512598,On or near BELL INN YARD,E01032739,City of London 001F,Suspect charged
b75dae24b7cdf41693aacad85626cfac453df4770e628bc9a94d1f2704e15a9c,2016-07,City of London Police,City of London Police,-0.105134,51.513869,On or near BRIDE LANE,E01032740,City of London 001G,Suspect charged
87eec19841faa5a87cf8cbf574f7ce85b5eab161de9a1c4c9ed48e6e6f976dac,2016-07,City of London Police,City of London Police,-0.086278,51.509876,On or near FISH STREET HILL,E01032739,City of London 001F,Suspect charged
0278935629e93d9733c403615c36f55b49a45943066bb5d38b0c18089357e010,2016-07,City of London Police,City of London Police,-0.080376,51.517244,On or near Supermarket,E01032739,City of London 001F,Suspect charged
042b58ae73ee79ac782abc0dbb005b165324950058ff830128951b8e730f7350,2016-07,City of London Police,City of London Police,-0.084095,51.516900,On or near NEW BROAD STREET,E01032739,City of London 001F,Suspect charged
ea82960c29b3d9b2789a8a106d8341898addf165108bce53d3e361f9e08dee83,2016-07,City of London Police,City of London Police,-0.077224,51.516122,On or near Shopping Area,E01000005,City of London 001E,Suspect charged
ea82960c29b3d9b2789a8a106d8341898addf165108bce53d3e361f9e08dee83,2016-07,City of London Police,City of London Police,-0.077224,51.516122,On or near Shopping Area,E01000005,City of London 001E,Suspect charged
fbceb90c7f083e7fd69002e5e2dddc6d79ee4a60b65059f39d06e5215ab3d4d4,2016-07,City of London Police,City of London Police,-0.082571,51.514753,On or near GREAT ST HELEN'S,E01032739,City of London 001F,Suspect charged
fa9efb8ed996fdddabd220fd0a4210ebcd5141cad3c5602719c7a66f8f8e51c9,2016-07,City of London Police,City of London Police,-0.088843,51.509532,On or near Parking Area,E01032739,City of London 001F,Suspect charged
ba2f29271e3e3cf901a9904f06c37144a1f6bce6e43b1cdd81a3494ce020c937,2016-07,City of London Police,City of London Police,-0.099907,51.512031,On or near QUEEN VICTORIA STREET,E01032739,City of London 001F,Suspect charged
e2bb2a5416575d2ecb53d0354e2a65b65fef14f232e5ad53fe5c0ddec5c895f9,2016-07,City of London Police,City of London Police,-0.093465,51.514463,On or near RUSSIA ROW,E01032739,City of London 001F,Suspect charged
129f75c1d74854a592276dff037be3376bdf44a7e76fc70ad95c4f424ec3dcb2,2016-07,City of London Police,City of London Police,-0.075508,51.514763,On or near Pedestrian Subway,E01000005,City of London 001E,Suspect charged
1bfa4ad39f6ce4815d2e5e7a68c23cdc4330d95c07ea3fb7fd8b49e1750a32da,2016-07,City of London Police,City of London Police,-0.081580,51.520510,On or near PINDAR STREET,E01032739,City of London 001F,Suspect charged
0c892f26bd2abd3ccde86c3bc6a8e5b36f8c524429df26fabdfdbd6fb00c8976,2016-07,City of London Police,City of London Police,-0.106680,51.515882,On or near Parking Area,E01032740,City of London 001G,Suspect charged
cc786ebd802786e32c770175b2e1ae68f9875f455e8d873708679f2f79d41aea,2016-07,City of London Police,City of London Police,,,No location,,,Suspect charged
f8ff9ab672f11555a837ecdbb46c12208f6ad4a8da729908bb32346a108a8665,2016-07,City of London Police,City of London Police,,,No location,,,Suspect charged
50aa827ad2c77a85b80006fce6b9dbf13af8f17395891da9aac85e7c6a080e23,2016-07,City of London Police,City of London Police,-0.078718,51.521038,On or near NORTON FOLGATE,E01004307,Tower Hamlets 015B,Suspect charged
97bbd12da1a9bed6596b1d19650aba6534537b6a17a20ac3598b70eaeee63ea6,2016-07,City of London Police,City of London Police,,,No location,,,Suspect charged
3babf73c8f5748dbbf460807d05c0ae0a8b508390aa48fdebfceb0503cf121c4,2016-07,City of London Police,City of London Police,-0.092719,51.512652,On or near QUEEN VICTORIA STREET,E01032739,City of London 001F,Suspect charged
ea82960c29b3d9b2789a8a106d8341898addf165108bce53d3e361f9e08dee83,2016-07,City of London Police,City of London Police,-0.077224,51.516122,On or near Shopping Area,E01000005,City of London 001E,Suspect charged
ea82960c29b3d9b2789a8a106d8341898addf165108bce53d3e361f9e08dee83,2016-07,City of London Police,City of London Police,-0.077224,51.516122,On or near Shopping Area,E01000005,City of London 001E,Suspect charged
ea82960c29b3d9b2789a8a106d8341898addf165108bce53d3e361f9e08dee83,2016-07,City of London Police,City of London Police,-0.077224,51.516122,On or near Shopping Area,E01000005,City of London 001E,Suspect charged
ea82960c29b3d9b2789a8a106d8341898addf165108bce53d3e361f9e08dee83,2016-07,City of London Police,City of London Police,-0.077224,51.516122,On or near Shopping Area,E01000005,City of London 001E,Suspect charged
89215697e4764d4188655a2c21abbf1adb2861bddac194c917e47cd0d59ef091,2016-07,City of London Police,City of London Police,-0.078718,51.521038,On or near NORTON FOLGATE,E01004307,Tower Hamlets 015B,Suspect charged
699401ec11882680d88dac4c7a9add709d8bd1812d7b2f87b9645e01cae3a56c,2016-07,City of London Police,City of London Police,,,No location,,,Suspect charged
95f8f8b4b4f35ac905b2399723b0c4009274ed60d6415321e689ae25e906eecd,2016-07,City of London Police,City of London Police,-0.088203,51.518262,On or near MOORGATE,E01032739,City of London 001F,Suspect charged
e3d05711934a0e3b4810fe1cb094089d2be582f67e039af4408e883ea31a912f,2016-07,City of London Police,City of London Police,-0.088203,51.518262,On or near MOORGATE,E01032739,City of London 001F,Suspect charged
415e68b7009856ca3d4442e1d8de61cf2a6a802adb7aba1e8b3d03f1a29f42cf,2016-07,City of London Police,City of London Police,-0.084967,51.512598,On or near BELL INN YARD,E01032739,City of London 001F,Suspect charged
6e4f9073b38227ff712e834e3c893768837682afdd5d9a32390bb63d25a29f60,2016-07,City of London Police,City of London Police,-0.085257,51.511200,On or near TALBOT COURT,E01032739,City of London 001F,Suspect charged
97bbd12da1a9bed6596b1d19650aba6534537b6a17a20ac3598b70eaeee63ea6,2016-07,City of London Police,City of London Police,,,No location,,,Offender sent to prison
1bfa4ad39f6ce4815d2e5e7a68c23cdc4330d95c07ea3fb7fd8b49e1750a32da,2016-07,City of London Police,City of London Police,-0.081580,51.520510,On or near PINDAR STREET,E01032739,City of London 001F,Offender given suspended prison sentence
20a55aa07760044840ad826138492b301da90584a56ac45e0f49bf3e73439cf7,2016-07,City of London Police,City of London Police,-0.077224,51.516122,On or near Shopping Area,E01000005,City of London 001E,Offender sent to prison
b0d36e938098e4007dd9a9cbb8cd1612e4bcbf6ad5bf2ca15725deded6547ea9,2016-07,City of London Police,City of London Police,-0.097277,51.515307,On or near ST MARTIN'S LE GRAND,E01000001,City of London 001A,Offender fined
edc2583177b70f3be99f86fc82762c7f24056b7145dd84d040b3ce9289887274,2016-07,City of London Police,City of London Police,-0.084095,51.516900,On or near NEW BROAD STREET,E01032739,City of London 001F,Defendant found not guilty
e2bb2a5416575d2ecb53d0354e2a65b65fef14f232e5ad53fe5c0ddec5c895f9,2016-07,City of London Police,City of London Police,-0.093465,51.514463,On or near RUSSIA ROW,E01032739,City of London 001F,Offender given conditional discharge
fac4bee72f3e3519b5d4e75cf1110cd3f32ece5c51f694653b9db5f8344d3864,2016-07,City of London Police,City of London Police,,,No location,,,Offender sent to prison
a16f8100bac2ee8643108f2cf80763cd7334f0e22739cd2e9a263050204ad665,2016-07,City of London Police,City of London Police,-0.088042,51.511794,On or near ABCHURCH LANE,E01032739,City of London 001F,Offender sent to prison
3c67f5b9160d01b23512becce34e9570901d8bf95b1116989a8f9dfc1862b98f,2016-07,City of London Police,City of London Police,-0.079786,51.517576,On or near Police Station,E01032739,City of London 001F,Court case unable to proceed
f213a51b30f91af98c605e14a99715b4595dccf576b46e8a0386952b35f45973,2016-07,City of London Police,City of London Police,-0.091720,51.513454,On or near Supermarket,E01032739,City of London 001F,Offender sent to prison
1753ca92659b3145043150e1b24c78ee52ecc92eef0eedf5042611345126c722,2016-07,City of London Police,City of London Police,-0.075508,51.514763,On or near Pedestrian Subway,E01000005,City of London 001E,Offender sent to prison
5f95a3c47fb6ce592c4b518b9b6ccebaea7ecb905ac2127671866f6a03defdf9,2016-07,City of London Police,City of London Police,-0.088042,51.511794,On or near ABCHURCH LANE,E01032739,City of London 001F,Offender deprived of property
02eb3d93251c20acedf34a07bb91ae04f11e0d9cb924859ad741dca7b07c6ab9,2016-07,City of London Police,City of London Police,-0.094464,51.512959,On or near WATLING COURT,E01032739,City of London 001F,Offender given community sentence
6719ed8fa110a6fac195fbb99d1ba14a49a5de237b944534b1a2a60dd7e65cbb,2016-07,City of London Police,City of London Police,-0.090142,51.514292,On or near Conference/Exhibition Centre,E01032739,City of London 001F,Offender sent to prison
d2a0095ef39b84cb3746527f215d3fcbbc8d0559acdaba62fe176ca74de13197,2016-07,City of London Police,City of London Police,-0.076044,51.512650,On or near INDIA STREET,E01000005,City of London 001E,Offender given suspended prison sentence
e98f93a8b0d3e1886866a8feed8ea99cf86486b6651490a4b64534bf0deba65a,2016-07,City of London Police,City of London Police,-0.094720,51.514420,On or near WOOD STREET,E01032739,City of London 001F,Offender given conditional discharge
347e51ef0e38f3a9ea40a8a11366cb29cf518c9210a94388b6408fda9eb713e4,2016-07,City of London Police,City of London Police,,,No location,,,Offender sent to prison
eb080e44d3bbcb886eecfe32ad5fa25c30d2346dad8eb8a80ce4a8f1774944d1,2016-07,City of London Police,City of London Police,-0.085355,51.510563,On or near PUDDING LANE,E01032739,City of London 001F,Offender given conditional discharge
5d4c2fd95614676f90c2e565e6c481dd190e9ed69341e5545cb23be1c25cd7eb,2016-07,City of London Police,City of London Police,-0.078856,51.518433,On or near ARTILLERY LANE,E01032739,City of London 001F,Offender given community sentence
c1001e24873a432632b9e54a120f62e676d8dfd72911bf53ed1a31cc84659c19,2016-07,City of London Police,City of London Police,-0.084199,51.513394,On or near CORNHILL,E01032739,City of London 001F,Defendant found not guilty
0a5f8aa92b1b246b6c2a272f9ae4117a935aa01a0901aa693fd01975b12919c3,2016-07,City of London Police,City of London Police,-0.073515,51.510414,On or near Parking Area,E01000005,City of London 001E,Offender given suspended prison sentence
b75dae24b7cdf41693aacad85626cfac453df4770e628bc9a94d1f2704e15a9c,2016-07,City of London Police,City of London Police,-0.105134,51.513869,On or near BRIDE LANE,E01032740,City of London 001G,Offender sent to prison
0acdacefbe6c2fef73c140314f6e9a3ef391ad63531523115587830ba0406458,2016-07,City of London Police,City of London Police,-0.079786,51.517576,On or near Police Station,E01032739,City of London 001F,Court case unable to proceed
9ba128f5301e29bd0f86936939569bf45625d99e1288683a7a26f28b880fd4d9,2016-07,City of London Police,City of London Police,-0.085257,51.511200,On or near TALBOT COURT,E01032739,City of London 001F,Offender sent to prison
fbceb90c7f083e7fd69002e5e2dddc6d79ee4a60b65059f39d06e5215ab3d4d4,2016-07,City of London Police,City of London Police,-0.082571,51.514753,On or near GREAT ST HELEN'S,E01032739,City of London 001F,Offender fined
361866b8880bba01f8f2e929699a5384a79eb267874ae1aee21a3970e8ebb1f0,2016-07,City of London Police,City of London Police,-0.086624,51.511923,On or near CLEMENT'S LANE,E01032739,City of London 001F,Offender fined
b6dec34beddb5af3c44cfe4b2d02323cdec25ef57c2fd4a523a01085ac8aba9c,2016-07,City of London Police,City of London Police,-0.108418,51.513581,On or near LOMBARD LANE,E01032740,City of London 001G,Offender given suspended prison sentence
cfe044c5c62d14523855ad9596822d3e267ae90e7e3762a7af1d40b778dca6e6,2016-07,City of London Police,City of London Police,-0.080322,51.510651,On or near MARK LANE,E01032739,City of London 001F,Offender given community sentence
ed44d3a2e6e07c2b07c3741cb21dfc276fa6548e0ce6ccdea4290f1446540c5e,2016-07,City of London Police,City of London Police,-0.084199,51.513394,On or near CORNHILL,E01032739,City of London 001F,Offender given community sentence
dec942967cda4171b3b0c5448f63c16a9036abcb7930548992ec27dbf6b56465,2016-07,City of London Police,City of London Police,-0.091720,51.513454,On or near Supermarket,E01032739,City of London 001F,Offender sent to prison
042b58ae73ee79ac782abc0dbb005b165324950058ff830128951b8e730f7350,2016-07,City of London Police,City of London Police,-0.084095,51.516900,On or near NEW BROAD STREET,E01032739,City of London 001F,Offender given community sentence
453e2e7b964097d69d5c7c3373ed3766e989a5812a1b3fcddefcdf43e9ed0f7f,2016-07,City of London Police,City of London Police,-0.076270,51.515504,On or near GRAVEL LANE,E01000005,City of London 001E,Offender given suspended prison sentence
134ec64640b955d2b5b1d1d2eaba5e24547b5c9621f6a52f7f42406fdf85cc7b,2016-07,City of London Police,City of London Police,-0.086624,51.511923,On or near CLEMENT'S LANE,E01032739,City of London 001F,Court case unable to proceed
76c87ee8fe24ac27e72335255debb5e19701fef61d3ca1b8e5471e14fd51bb67,2016-07,City of London Police,City of London Police,-0.087118,51.513199,On or near Nightclub,E01032739,City of London 001F,Defendant found not guilty
fdf529a732b69456f30c761b7ba205d9a1359c9cd409837a39592bc52b16697b,2016-07,City of London Police,City of London Police,-0.091720,51.513454,On or near Supermarket,E01032739,City of London 001F,Offender otherwise dealt with
5d9734e9e32b3c5d82e640ffa999b626ec78a188a0de72d2a745916d00cafec5,2016-07,City of London Police,City of London Police,-0.105134,51.513869,On or near BRIDE LANE,E01032740,City of London 001G,Offender sent to prison
8a5ede7050e80002292405b1fdc62ac463cc1cca27b38dae6d76ce277658d16b,2016-07,City of London Police,City of London Police,-0.096561,51.514513,On or near CHEAPSIDE,E01032739,City of London 001F,Offender given suspended prison sentence
e3d05711934a0e3b4810fe1cb094089d2be582f67e039af4408e883ea31a912f,2016-07,City of London Police,City of London Police,-0.088203,51.518262,On or near MOORGATE,E01032739,City of London 001F,Offender given suspended prison sentence
62432c0635edd93d9c4a4fb9de8cb19b5fed3d4b373fe9ae6772b915aec0fc52,2016-07,City of London Police,City of London Police,-0.105134,51.513869,On or near BRIDE LANE,E01032740,City of London 001G,Offender sent to prison
6e4f9073b38227ff712e834e3c893768837682afdd5d9a32390bb63d25a29f60,2016-07,City of London Police,City of London Police,-0.085257,51.511200,On or near TALBOT COURT,E01032739,City of London 001F,Offender sent to prison
